{
  "swagger": "2.0",
  "info": {
    "version": "1.0.0",
    "title": "benchmarks",
    "x-lastModified": "Aug 22, 2016 07:02AM PST"
  },
  "paths": {
    "/benchmark_bundles": {
      "get": {
        "produces": [
          "application/json"
        ],
        "responses": {
          "200": {
            "description": "Success response"
          }
        },
        "parameters": [
          {
            "name": "api_key",
            "in": "query",
            "description": "",
            "required": true,
            "type": "string",
            "format": "",
            "default": ""
          },
          {
            "name": "page",
            "in": "query",
            "description": "Page of resources to return. Defaults to 1",
            "required": false,
            "type": "integer",
            "format": "int32",
            "default": 1
          },
          {
            "name": "per_page",
            "in": "query",
            "description": "Number of resources to return per page",
            "required": false,
            "type": "integer",
            "format": "int32"
          },
          {
            "name": "country",
            "in": "query",
            "description": "Country to get the bundles for. Defaults to US",
            "required": false,
            "type": "string",
            "format": "",
            "default": "US"
          },
          {
            "name": "OAuth-Key",
            "in": "header",
            "description": "",
            "required": true,
            "type": "string",
            "format": ""
          }
        ]
      }
    },
    "/benchmark_bundles/{id}": {
      "get": {
        "produces": [
          "application/json"
        ],
        "responses": {
          "200": {
            "description": "Success response"
          }
        },
        "parameters": [
          {
            "name": "api_key",
            "in": "query",
            "description": "",
            "required": true,
            "type": "string",
            "format": "",
            "default": ""
          },
          {
            "name": "OAuth-Key",
            "in": "header",
            "description": "",
            "required": true,
            "type": "string",
            "format": "",
            "default": ""
          },
          {
            "name": "id",
            "in": "path",
            "description": "",
            "required": true,
            "type": "string",
            "format": ""
          }
        ]
      }
    },
    "/benchmark_bundles/{id}/analyze": {
      "get": {
        "produces": [
          "application/json"
        ],
        "responses": {
          "200": {
            "description": "Success response"
          }
        },
        "parameters": [
          {
            "name": "question_ids",
            "in": "query",
            "description": "List of question to recieve analytics for",
            "required": true,
            "type": "string",
            "format": ""
          },
          {
            "name": "percentile_start",
            "in": "query",
            "description": "Starting percentile to filter by (default=0)",
            "required": false,
            "type": "integer",
            "format": "int32"
          },
          {
            "name": "percentile_end",
            "in": "query",
            "description": "Ending percentile to filter by (default=100)",
            "required": false,
            "type": "integer",
            "format": "int32",
            "default": 100
          },
          {
            "name": "api_key",
            "in": "query",
            "description": "",
            "required": true,
            "type": "string",
            "format": "",
            "default": ""
          },
          {
            "name": "OAuth-Key",
            "in": "header",
            "description": "",
            "required": true,
            "type": "string",
            "format": "",
            "default": ""
          },
          {
            "name": "id",
            "in": "path",
            "description": "",
            "required": true,
            "type": "string",
            "format": ""
          }
        ]
      }
    },
    "/surveys/{survey_id}/pages/{page_id}/questions/{question_id}/benchmark": {
      "get": {
        "produces": [
          "application/json"
        ],
        "responses": {
          "200": {
            "description": "Success response"
          }
        },
        "parameters": [
          {
            "name": "api_key",
            "in": "query",
            "description": "",
            "required": true,
            "type": "string",
            "format": "",
            "default": ""
          },
          {
            "name": "percentile_start",
            "in": "query",
            "description": "Starting percentile to filter by (default=0).",
            "required": false,
            "type": "string",
            "format": "",
            "default": "0"
          },
          {
            "name": "percentile_end",
            "in": "query",
            "description": "Ending percentile to filter by (default=100).",
            "required": false,
            "type": "integer",
            "format": "int32",
            "default": 100
          },
          {
            "name": "OAuth-Key",
            "in": "header",
            "description": "",
            "required": true,
            "type": "string",
            "format": "",
            "default": ""
          },
          {
            "name": "survey_id",
            "in": "path",
            "description": "",
            "required": true,
            "type": "string",
            "format": ""
          },
          {
            "name": "page_id",
            "in": "path",
            "description": "",
            "required": true,
            "type": "string",
            "format": ""
          },
          {
            "name": "question_id",
            "in": "path",
            "description": "",
            "required": true,
            "type": "string",
            "format": ""
          }
        ]
      }
    }
  }
}