{
  "swagger": "2.0",
  "info": {
    "version": "1.11",
    "title": "benchmark_survey",
    "x-lastModified": "Aug 26, 2016 07:28AM PST"
  },
  "paths": {
    "/survey/{survey_id}/pages/{page_id}/questions/{question_id}/benchmark": {
      "get": {
        "produces": [
          "application/json"
        ],
        "responses": {
          "200": {
            "description": "Success response",
            "schema": {
              "type": "string"
            }
          }
        },
        "parameters": [
          {
            "name": "api_key",
            "in": "query",
            "description": "",
            "required": true,
            "type": "string",
            "format": "",
            "default": ""
          },
          {
            "name": "percentile_start",
            "in": "query",
            "description": "Starting percentile to filter by (default=0).",
            "required": false,
            "type": "integer",
            "format": "int32",
            "default": 0
          },
          {
            "name": "percentile_end",
            "in": "query",
            "description": "Ending percentile to filter by (default=100).",
            "required": false,
            "type": "integer",
            "format": "int32",
            "default": 100
          },
          {
            "name": "OAuth-Key",
            "in": "header",
            "description": "",
            "required": true,
            "type": "string",
            "format": "",
            "default": ""
          },
          {
            "name": "survey_id",
            "in": "path",
            "description": "",
            "required": true,
            "type": "string",
            "format": ""
          },
          {
            "name": "page_id",
            "in": "path",
            "description": "",
            "required": true,
            "type": "string",
            "format": ""
          },
          {
            "name": "question_id",
            "in": "path",
            "description": "",
            "required": true,
            "type": "string",
            "format": ""
          }
        ]
      }
    }
  }
}