{
  "swagger" : "2.0",
  "info" : {
    "version" : "1.0",
    "title" : "Summary about the new REST service.",
    "description" : "Summary about the new REST service."
  },
  "host" : "localhost:8080",
  "basePath" : "/",
  "schemes" : [ "http" ],
  "paths" : {
    "/alerts/fired_alerts/{name}" : {
      "get" : {
        "description" : "Get a list of all unexpired triggered or fired instances of this alert.",
        "operationId" : "get-alerts-fired_alerts",
        "consumes" : [ "application/json" ],
        "produces" : [ "application/xml" ],
        "parameters" : [ {
          "name" : "name",
          "in" : "path",
          "description" : "",
          "type" : "string",
          "required" : true
        } ],
        "responses" : {
          "200" : {
            "description" : "a string to be returned",
            "schema" : {
              "type" : "string"
            }
          }
        }
      },
      "delete" : {
        "description" : "Delete the record of this triggered alert.",
        "operationId" : "delete-alerts-fired_alerts",
        "consumes" : [ "application/json" ],
        "produces" : [ "application/xml" ],
        "parameters" : [ {
          "name" : "name",
          "in" : "path",
          "description" : "",
          "type" : "string",
          "required" : true
        } ],
        "responses" : {
          "200" : {
            "description" : "a string to be returned",
            "schema" : {
              "type" : "string"
            }
          }
        }
      }
    },
    "/services/saved/searches/{name}/reschedule" : {
      "post" : {
        "description" : "",
        "operationId" : "post-services-saved-searches-reschedule",
        "consumes" : [ "application/x-www-form-urlencoded" ],
        "produces" : [ "application/xml" ],
        "parameters" : [ {
          "name" : "schedule_time",
          "in" : "formData",
          "description" : "",
          "type" : "string",
          "required" : false
        }, {
          "name" : "name",
          "in" : "path",
          "description" : "",
          "type" : "string",
          "required" : true
        } ],
        "responses" : {
          "200" : {
            "description" : "a string to be returned",
            "schema" : {
              "type" : "string"
            }
          }
        }
      }
    },
    "/scheduled/views" : {
      "get" : {
        "description" : "",
        "operationId" : "get-scheduled-views",
        "consumes" : [ "application/json" ],
        "produces" : [ "application/xml" ],
        "parameters" : [ ],
        "responses" : {
          "200" : {
            "description" : "a string to be returned",
            "schema" : {
              "type" : "string"
            }
          }
        }
      }
    },
    "/data/commands/{name}" : {
      "get" : {
        "description" : "",
        "operationId" : "get-data-commands",
        "consumes" : [ "application/json" ],
        "produces" : [ "application/xml" ],
        "parameters" : [ {
          "name" : "name",
          "in" : "path",
          "description" : "",
          "type" : "string",
          "required" : true
        } ],
        "responses" : {
          "200" : {
            "description" : "a string to be returned",
            "schema" : {
              "type" : "string"
            }
          }
        }
      }
    },
    "/scheduled/views/{name}/dispatch" : {
      "post" : {
        "description" : "Dispatch the scheduled search associated with the {name} scheduled view.",
        "operationId" : "post-scheduled-views-dispatch",
        "consumes" : [ "application/x-www-form-urlencoded" ],
        "produces" : [ "application/xml" ],
        "parameters" : [ {
          "name" : "args",
          "in" : "formData",
          "description" : "",
          "type" : "array",
          "items" : {
            "type" : "string",
            "uniqueItems" : false
          },
          "required" : false
        }, {
          "name" : "dispatch",
          "in" : "formData",
          "description" : "",
          "type" : "string",
          "required" : false
        }, {
          "name" : "dispatch.now",
          "in" : "formData",
          "description" : "",
          "type" : "boolean",
          "required" : false
        }, {
          "name" : "now",
          "in" : "formData",
          "description" : "",
          "type" : "string",
          "required" : false
        }, {
          "name" : "name",
          "in" : "path",
          "description" : "",
          "type" : "string",
          "required" : true
        }, {
          "name" : "trigger_actions",
          "in" : "formData",
          "description" : "",
          "type" : "boolean",
          "required" : false
        }, {
          "name" : "force_dispatch",
          "in" : "formData",
          "description" : "",
          "type" : "boolean",
          "required" : false
        } ],
        "responses" : {
          "200" : {
            "description" : "a string to be returned",
            "schema" : {
              "type" : "string"
            }
          }
        }
      }
    },
    "/alerts/fired_alerts" : {
      "get" : {
        "description" : "",
        "operationId" : "get-alerts-fired_alerts",
        "consumes" : [ "application/json" ],
        "produces" : [ "application/xml" ],
        "parameters" : [ ],
        "responses" : {
          "200" : {
            "description" : "a string to be returned",
            "schema" : {
              "type" : "string"
            }
          }
        }
      }
    },
    "/saved/searches/{name}" : {
      "get" : {
        "description" : "Get information on this saved search",
        "operationId" : "get-saved-searches",
        "consumes" : [ "application/json" ],
        "produces" : [ "application/xml" ],
        "parameters" : [ {
          "name" : "earliest_time",
          "in" : "query",
          "description" : "",
          "type" : "string",
          "required" : false
        }, {
          "name" : "name",
          "in" : "path",
          "description" : "",
          "type" : "string",
          "required" : true
        }, {
          "name" : "listDefaultActionArgs",
          "in" : "query",
          "description" : "",
          "type" : "boolean",
          "required" : false
        }, {
          "name" : "latest_time",
          "in" : "query",
          "description" : "",
          "type" : "string",
          "required" : false
        } ],
        "responses" : {
          "200" : {
            "description" : "a string to be returned",
            "schema" : {
              "type" : "string"
            }
          }
        }
      },
      "delete" : {
        "description" : "Delete this saved search.",
        "operationId" : "delete-saved-searches",
        "consumes" : [ "application/json" ],
        "produces" : [ "application/xml" ],
        "parameters" : [ {
          "name" : "name",
          "in" : "path",
          "description" : "",
          "type" : "string",
          "required" : true
        } ],
        "responses" : {
          "200" : {
            "description" : "a string to be returned",
            "schema" : {
              "type" : "string"
            }
          }
        }
      }
    },
    "/search/jobs/{search_id}" : {
      "post" : {
        "description" : "Update the {search_id} search job.",
        "operationId" : "post-search-jobs",
        "consumes" : [ "application/x-www-form-urlencoded" ],
        "produces" : [ "application/xml" ],
        "parameters" : [ {
          "name" : "custom",
          "in" : "formData",
          "description" : "",
          "type" : "array",
          "items" : {
            "type" : "string",
            "uniqueItems" : false
          },
          "required" : true
        }, {
          "name" : "search_id",
          "in" : "path",
          "description" : "",
          "type" : "string",
          "required" : true
        } ],
        "responses" : {
          "200" : {
            "description" : "a string to be returned",
            "schema" : {
              "type" : "string"
            }
          }
        }
      },
      "get" : {
        "description" : "Get information about the {search_id} search job",
        "operationId" : "get-search-jobs",
        "consumes" : [ "application/json" ],
        "produces" : [ "application/xml" ],
        "parameters" : [ {
          "name" : "search_id",
          "in" : "path",
          "description" : "",
          "type" : "string",
          "required" : true
        } ],
        "responses" : {
          "200" : {
            "description" : "a string to be returned",
            "schema" : {
              "type" : "string"
            }
          }
        }
      },
      "delete" : {
        "description" : "Delete the {search_id} search job.",
        "operationId" : "delete-search-jobs",
        "consumes" : [ "application/json" ],
        "produces" : [ "application/xml" ],
        "parameters" : [ {
          "name" : "search_id",
          "in" : "path",
          "description" : "",
          "type" : "string",
          "required" : true
        } ],
        "responses" : {
          "200" : {
            "description" : "a string to be returned",
            "schema" : {
              "type" : "string"
            }
          }
        }
      }
    },
    "/data/commands" : {
      "get" : {
        "description" : "List all python search commands.",
        "operationId" : "get-data-commands",
        "consumes" : [ "application/json" ],
        "produces" : [ "application/xml" ],
        "parameters" : [ ],
        "responses" : {
          "200" : {
            "description" : "a string to be returned",
            "schema" : {
              "type" : "string"
            }
          }
        }
      }
    },
    "/scheduled/views/{name}" : {
      "post" : {
        "description" : "Modify the {name} scheduled view.",
        "operationId" : "post-scheduled-views",
        "consumes" : [ "application/x-www-form-urlencoded" ],
        "produces" : [ "application/xml" ],
        "parameters" : [ {
          "name" : "action.email.to",
          "in" : "formData",
          "description" : "",
          "type" : "string",
          "required" : true
        }, {
          "name" : "cron_schedule",
          "in" : "formData",
          "description" : "",
          "type" : "string",
          "required" : true
        }, {
          "name" : "next_scheduled_time",
          "in" : "formData",
          "description" : "",
          "type" : "string",
          "required" : false
        }, {
          "name" : "name",
          "in" : "path",
          "description" : "",
          "type" : "string",
          "required" : true
        }, {
          "name" : "description",
          "in" : "formData",
          "description" : "",
          "type" : "string",
          "required" : false
        }, {
          "name" : "disabled",
          "in" : "formData",
          "description" : "",
          "type" : "boolean",
          "required" : false
        }, {
          "name" : "is_scheduled",
          "in" : "formData",
          "description" : "",
          "type" : "boolean",
          "required" : true
        }, {
          "name" : "action.email",
          "in" : "formData",
          "description" : "",
          "type" : "string",
          "required" : false
        } ],
        "responses" : {
          "200" : {
            "description" : "a string to be returned",
            "schema" : {
              "type" : "string"
            }
          }
        }
      },
      "get" : {
        "description" : "List the {name} scheduled view object.",
        "operationId" : "get-scheduled-views",
        "consumes" : [ "application/json" ],
        "produces" : [ "application/xml" ],
        "parameters" : [ {
          "name" : "name",
          "in" : "path",
          "description" : "",
          "type" : "string",
          "required" : true
        } ],
        "responses" : {
          "200" : {
            "description" : "a string to be returned",
            "schema" : {
              "type" : "string"
            }
          }
        }
      },
      "delete" : {
        "description" : "Delete a scheduled view.",
        "operationId" : "delete-scheduled-views",
        "consumes" : [ "application/json" ],
        "produces" : [ "application/xml" ],
        "parameters" : [ {
          "name" : "name",
          "in" : "path",
          "description" : "",
          "type" : "string",
          "required" : true
        } ],
        "responses" : {
          "200" : {
            "description" : "a string to be returned",
            "schema" : {
              "type" : "string"
            }
          }
        }
      }
    },
    "/saved/searches/{name}/acknowledge" : {
      "post" : {
        "description" : "",
        "operationId" : "post-saved-searches-acknowledge",
        "consumes" : [ "application/x-www-form-urlencoded" ],
        "produces" : [ "application/xml" ],
        "parameters" : [ {
          "name" : "name",
          "in" : "path",
          "description" : "",
          "type" : "string",
          "required" : true
        }, {
          "name" : "key",
          "in" : "formData",
          "description" : "",
          "type" : "string",
          "required" : false
        } ],
        "responses" : {
          "200" : {
            "description" : "a string to be returned",
            "schema" : {
              "type" : "string"
            }
          }
        }
      }
    },
    "/saved/searches/{name}/suppress" : {
      "get" : {
        "description" : "",
        "operationId" : "get-saved-searches-suppress",
        "consumes" : [ "application/json" ],
        "produces" : [ "application/xml" ],
        "parameters" : [ {
          "name" : "name",
          "in" : "path",
          "description" : "",
          "type" : "string",
          "required" : true
        }, {
          "name" : "expiration",
          "in" : "query",
          "description" : "",
          "type" : "string",
          "required" : false
        }, {
          "name" : "key",
          "in" : "query",
          "description" : "",
          "type" : "string",
          "required" : false
        } ],
        "responses" : {
          "200" : {
            "description" : "a string to be returned",
            "schema" : {
              "type" : "string"
            }
          }
        }
      }
    },
    "/saved/searches/{name}/dispatch" : {
      "post" : {
        "description" : "",
        "operationId" : "post-saved-searches-dispatch",
        "consumes" : [ "application/x-www-form-urlencoded" ],
        "produces" : [ "application/xml" ],
        "parameters" : [ {
          "name" : "args",
          "in" : "formData",
          "description" : "",
          "type" : "string",
          "required" : false
        }, {
          "name" : "dispatch",
          "in" : "formData",
          "description" : "",
          "type" : "string",
          "required" : false
        }, {
          "name" : "dispatchAs",
          "in" : "formData",
          "description" : "",
          "type" : "string",
          "required" : false
        }, {
          "name" : "dispatch.adhoc_search_level",
          "in" : "formData",
          "description" : "",
          "type" : "string",
          "required" : false
        }, {
          "name" : "dispatch.now",
          "in" : "formData",
          "description" : "",
          "type" : "boolean",
          "required" : false
        }, {
          "name" : "now",
          "in" : "formData",
          "description" : "",
          "type" : "string",
          "required" : false
        }, {
          "name" : "name",
          "in" : "path",
          "description" : "",
          "type" : "string",
          "required" : true
        }, {
          "name" : "trigger_actions",
          "in" : "formData",
          "description" : "",
          "type" : "boolean",
          "required" : false
        }, {
          "name" : "force_dispatch",
          "in" : "formData",
          "description" : "",
          "type" : "boolean",
          "required" : false
        } ],
        "responses" : {
          "200" : {
            "description" : "a string to be returned",
            "schema" : {
              "type" : "string"
            }
          }
        }
      }
    },
    "/saved/searches/{name}/scheduled_times" : {
      "get" : {
        "description" : "Get {name} scheduled saved search time.",
        "operationId" : "get-saved-searches-scheduled_times",
        "consumes" : [ "application/json" ],
        "produces" : [ "application/xml" ],
        "parameters" : [ {
          "name" : "name",
          "in" : "path",
          "description" : "",
          "type" : "string",
          "required" : true
        } ],
        "responses" : {
          "200" : {
            "description" : "a string to be returned",
            "schema" : {
              "type" : "string"
            }
          }
        }
      }
    },
    "/scheduled/views/{name}/history" : {
      "get" : {
        "description" : "",
        "operationId" : "get-scheduled-views-history",
        "consumes" : [ "application/json" ],
        "produces" : [ "application/xml" ],
        "parameters" : [ {
          "name" : "name",
          "in" : "path",
          "description" : "",
          "type" : "string",
          "required" : true
        } ],
        "responses" : {
          "200" : {
            "description" : "a string to be returned",
            "schema" : {
              "type" : "string"
            }
          }
        }
      }
    },
    "/scheduled/views/{name}/reschedule" : {
      "post" : {
        "description" : "Schedule when to deliver a PDF of the view.",
        "operationId" : "post-scheduled-views-reschedule",
        "consumes" : [ "application/x-www-form-urlencoded" ],
        "produces" : [ "application/xml" ],
        "parameters" : [ {
          "name" : "schedule_time",
          "in" : "formData",
          "description" : "",
          "type" : "string",
          "required" : false
        }, {
          "name" : "name",
          "in" : "path",
          "description" : "",
          "type" : "string",
          "required" : true
        } ],
        "responses" : {
          "200" : {
            "description" : "a string to be returned",
            "schema" : {
              "type" : "string"
            }
          }
        }
      }
    },
    "/search/jobs" : {
      "post" : {
        "description" : "Starts a new search, returning the search ID (<sid>).",
        "operationId" : "post-search-jobs",
        "consumes" : [ "application/x-www-form-urlencoded" ],
        "produces" : [ "application/xml" ],
        "parameters" : [ {
          "name" : "force_bundle_replication",
          "in" : "formData",
          "description" : "",
          "type" : "boolean",
          "required" : false
        }, {
          "name" : "search_mode",
          "in" : "formData",
          "description" : "",
          "type" : "string",
          "required" : false
        }, {
          "name" : "status_buckets",
          "in" : "formData",
          "description" : "",
          "type" : "integer",
          "format" : "int32",
          "required" : false
        }, {
          "name" : "required_field_list",
          "in" : "formData",
          "description" : "",
          "type" : "string",
          "required" : false
        }, {
          "name" : "sync_bundle_replication",
          "in" : "formData",
          "description" : "",
          "type" : "boolean",
          "required" : false
        }, {
          "name" : "auto_cancel",
          "in" : "formData",
          "description" : "",
          "type" : "integer",
          "format" : "int32",
          "required" : false
        }, {
          "name" : "auto_pause",
          "in" : "formData",
          "description" : "",
          "type" : "integer",
          "format" : "int32",
          "required" : false
        }, {
          "name" : "rt_queue_size",
          "in" : "formData",
          "description" : "",
          "type" : "integer",
          "format" : "int32",
          "required" : false
        }, {
          "name" : "timeout",
          "in" : "formData",
          "description" : "",
          "type" : "integer",
          "format" : "int32",
          "required" : false
        }, {
          "name" : "spawn_process",
          "in" : "formData",
          "description" : "",
          "type" : "boolean",
          "required" : false
        }, {
          "name" : "max_count",
          "in" : "formData",
          "description" : "",
          "type" : "integer",
          "format" : "int32",
          "required" : false
        }, {
          "name" : "reuse_max_seconds_ago",
          "in" : "formData",
          "description" : "",
          "type" : "integer",
          "format" : "int32",
          "required" : false
        }, {
          "name" : "search_listener",
          "in" : "formData",
          "description" : "",
          "type" : "string",
          "required" : false
        }, {
          "name" : "reload_macros",
          "in" : "formData",
          "description" : "",
          "type" : "boolean",
          "required" : false
        }, {
          "name" : "rt_maxblocksecs",
          "in" : "formData",
          "description" : "",
          "type" : "integer",
          "format" : "int32",
          "required" : false
        }, {
          "name" : "search",
          "in" : "formData",
          "description" : "",
          "type" : "string",
          "required" : true
        }, {
          "name" : "index_earliest",
          "in" : "formData",
          "description" : "",
          "type" : "string",
          "required" : false
        }, {
          "name" : "now",
          "in" : "formData",
          "description" : "",
          "type" : "string",
          "required" : false
        }, {
          "name" : "indexedRealtimeOffset",
          "in" : "formData",
          "description" : "",
          "type" : "integer",
          "format" : "int32",
          "required" : false
        }, {
          "name" : "id",
          "in" : "formData",
          "description" : "",
          "type" : "string",
          "required" : false
        }, {
          "name" : "max_time",
          "in" : "formData",
          "description" : "",
          "type" : "integer",
          "format" : "int32",
          "required" : false
        }, {
          "name" : "indexedRealtime",
          "in" : "formData",
          "description" : "",
          "type" : "boolean",
          "required" : false
        }, {
          "name" : "time_format",
          "in" : "formData",
          "description" : "",
          "type" : "string",
          "required" : false
        }, {
          "name" : "custom",
          "in" : "formData",
          "description" : "",
          "type" : "string",
          "required" : false
        }, {
          "name" : "exec_mode",
          "in" : "formData",
          "description" : "",
          "type" : "string",
          "required" : false
        }, {
          "name" : "reduce_freq",
          "in" : "formData",
          "description" : "",
          "type" : "integer",
          "format" : "int32",
          "required" : false
        }, {
          "name" : "enable_lookups",
          "in" : "formData",
          "description" : "",
          "type" : "boolean",
          "required" : false
        }, {
          "name" : "index_latest",
          "in" : "formData",
          "description" : "",
          "type" : "string",
          "required" : false
        }, {
          "name" : "rf",
          "in" : "formData",
          "description" : "",
          "type" : "string",
          "required" : false
        }, {
          "name" : "earliest_time",
          "in" : "formData",
          "description" : "",
          "type" : "string",
          "required" : false
        }, {
          "name" : "rt_blocking",
          "in" : "formData",
          "description" : "",
          "type" : "boolean",
          "required" : false
        }, {
          "name" : "namespace",
          "in" : "formData",
          "description" : "",
          "type" : "string",
          "required" : false
        }, {
          "name" : "auto_finalize_ec",
          "in" : "formData",
          "description" : "",
          "type" : "integer",
          "format" : "int32",
          "required" : false
        }, {
          "name" : "rt_indexfilter",
          "in" : "formData",
          "description" : "",
          "type" : "boolean",
          "required" : false
        }, {
          "name" : "latest_time",
          "in" : "formData",
          "description" : "",
          "type" : "string",
          "required" : false
        }, {
          "name" : "remote_server_list",
          "in" : "formData",
          "description" : "",
          "type" : "string",
          "required" : false
        } ],
        "responses" : {
          "200" : {
            "description" : "a string to be returned",
            "schema" : {
              "type" : "string"
            }
          }
        }
      },
      "get" : {
        "description" : "Get details of all current searches.",
        "operationId" : "get-search-jobs",
        "consumes" : [ "application/json" ],
        "produces" : [ "application/xml" ],
        "parameters" : [ ],
        "responses" : {
          "200" : {
            "description" : "a string to be returned",
            "schema" : {
              "type" : "string"
            }
          }
        }
      }
    },
    "/saved/searches/{name}/history" : {
      "get" : {
        "description" : "List available search jobs created from the {name} saved search.",
        "operationId" : "get-saved-searches-history",
        "consumes" : [ "application/json" ],
        "produces" : [ "application/xml" ],
        "parameters" : [ {
          "name" : "name",
          "in" : "path",
          "description" : "",
          "type" : "string",
          "required" : true
        } ],
        "responses" : {
          "200" : {
            "description" : "a string to be returned",
            "schema" : {
              "type" : "string"
            }
          }
        }
      }
    }
  },
  "definitions" : { }
}