{
    "records": [{
        "name": "Cloud",
        "items": [{
            "localTimestamp": 1471437052746,
            "localURI": "/MicrosoftTranslatorConnector.module/Service Descriptors/MicrosoftTranslatorAPI_1.0.json",
            "disabled": false,
            "remoteTimestamp": 1471429798000,
            "localHash": "805ee8ffbc007f1e848e0c1341826cfc63aa0bd2",
            "remoteId": "3",
            "remoteHash": "805ee8ffbc007f1e848e0c1341826cfc63aa0bd2"
        }],
        "url": "https://integration.cloud.tibco.com:443"
    }],
    "resources": []
}