{
  "swagger" : "2.0",
  "info" : {
    "version" : "1.0",
    "title" : "Summary about the new REST service.",
    "description" : "Summary about the new REST service."
  },
  "host" : "localhost:8587",
  "basePath" : "/",
  "schemes" : [ "http" ],
  "consumes" : [ "application/json" ],
  "produces" : [ "application/json" ],
  "paths" : {
    "/listfolder" : {
      "post" : {
        "description" : "",
        "operationId" : "post-listfolder",
        "consumes" : [ "application/json" ],
        "produces" : [ "application/json" ],
        "parameters" : [ {
          "name" : "body",
          "in" : "body",
          "description" : "",
          "schema" : {
            "$ref" : "#/definitions/ListFolderRqElement"
          },
          "required" : true
        } ],
        "responses" : {
          "200" : {
            "description" : "a ListFolderJSONElement to be returned",
            "schema" : {
              "$ref" : "#/definitions/ListFolderJSONElement"
            }
          }
        }
      }
    }
  },
  "definitions" : {
    "ListFolderRqElement" : {
      "type" : "object",
      "required" : [ "path" ],
      "properties" : {
        "path" : {
          "type" : "string"
        }
      }
    },
    "entries" : {
      "type" : "object",
      "required" : [ ],
      "properties" : {
        "_tag" : {
          "type" : "string"
        },
        "name" : {
          "type" : "string"
        },
        "id" : {
          "type" : "string"
        },
        "client_modified" : {
          "type" : "string"
        },
        "server_modified" : {
          "type" : "string"
        },
        "rev" : {
          "type" : "string"
        },
        "size" : {
          "type" : "integer"
        },
        "path_lower" : {
          "type" : "string"
        },
        "path_display" : {
          "type" : "string"
        },
        "sharing_info" : {
          "$ref" : "#/definitions/sharing_info"
        },
        "property_groups" : {
          "type" : "array",
          "items" : {
            "$ref" : "#/definitions/property_groups",
            "uniqueItems" : false
          }
        },
        "has_explicit_shared_members" : {
          "type" : "boolean"
        }
      }
    },
    "ListFolderJSONElement" : {
      "type" : "object",
      "required" : [ ],
      "properties" : {
        "entries" : {
          "type" : "array",
          "items" : {
            "$ref" : "#/definitions/entries",
            "uniqueItems" : false
          }
        },
        "cursor" : {
          "type" : "string"
        },
        "has_more" : {
          "type" : "boolean"
        },
        "Error" : {
          "$ref" : "#/definitions/Error"
        }
      }
    },
    "Error" : {
      "type" : "object",
      "required" : [ ],
      "properties" : {
        "ErrorCode" : {
          "type" : "string"
        },
        "ErrorDescription" : {
          "type" : "string"
        },
        "Resolution" : {
          "type" : "string"
        }
      }
    },
    "property_groups" : {
      "type" : "object",
      "required" : [ ],
      "properties" : {
        "template_id" : {
          "type" : "string"
        },
        "fields" : {
          "type" : "array",
          "items" : {
            "$ref" : "#/definitions/fields",
            "uniqueItems" : false
          }
        }
      }
    },
    "sharing_info" : {
      "type" : "object",
      "required" : [ ],
      "properties" : {
        "read_only" : {
          "type" : "boolean"
        },
        "parent_shared_folder_id" : {
          "type" : "string"
        },
        "modified_by" : {
          "type" : "string"
        }
      }
    },
    "fields" : {
      "type" : "object",
      "required" : [ ],
      "properties" : {
        "name" : {
          "type" : "string"
        },
        "value" : {
          "type" : "string"
        }
      }
    }
  }
}