{
  "swagger" : "2.0",
  "info" : {
    "version" : "1.0",
    "title" : "Summary about the new REST service.",
    "description" : "Summary about the new REST service."
  },
  "host" : "localhost:8587",
  "basePath" : "/",
  "schemes" : [ "http" ],
  "consumes" : [ "application/json" ],
  "produces" : [ "application/json" ],
  "paths" : {
    "/restore" : {
      "post" : {
        "description" : "",
        "operationId" : "post-restore",
        "consumes" : [ "application/json" ],
        "produces" : [ "application/json" ],
        "parameters" : [ {
          "name" : "body",
          "in" : "body",
          "description" : "",
          "schema" : {
            "$ref" : "#/definitions/RestoreRqElement"
          },
          "required" : true
        } ],
        "responses" : {
          "200" : {
            "description" : "a RestoreFileElement to be returned",
            "schema" : {
              "$ref" : "#/definitions/RestoreFileElement"
            }
          }
        }
      }
    }
  },
  "definitions" : {
    "RestoreRqElement" : {
      "type" : "object",
      "required" : [ "path", "rev" ],
      "properties" : {
        "path" : {
          "type" : "string"
        },
        "rev" : {
          "type" : "string"
        }
      }
    },
    "RestoreFileElement" : {
      "type" : "object",
      "required" : [ ],
      "properties" : {
        "name" : {
          "type" : "string"
        },
        "id" : {
          "type" : "string"
        },
        "client_modified" : {
          "type" : "string"
        },
        "server_modified" : {
          "type" : "string"
        },
        "rev" : {
          "type" : "string"
        },
        "size" : {
          "type" : "integer"
        },
        "path_lower" : {
          "type" : "string"
        },
        "path_display" : {
          "type" : "string"
        },
        "sharing_info" : {
          "$ref" : "#/definitions/sharing_info"
        },
        "property_groups" : {
          "type" : "array",
          "items" : {
            "$ref" : "#/definitions/property_groups",
            "uniqueItems" : false
          }
        },
        "has_explicit_shared_members" : {
          "type" : "boolean"
        }
      }
    },
    "property_groups" : {
      "type" : "object",
      "required" : [ ],
      "properties" : {
        "template_id" : {
          "type" : "string"
        },
        "fields" : {
          "type" : "array",
          "items" : {
            "$ref" : "#/definitions/fields",
            "uniqueItems" : false
          }
        }
      }
    },
    "sharing_info" : {
      "type" : "object",
      "required" : [ ],
      "properties" : {
        "read_only" : {
          "type" : "boolean"
        },
        "parent_shared_folder_id" : {
          "type" : "string"
        },
        "modified_by" : {
          "type" : "string"
        }
      }
    },
    "fields" : {
      "type" : "object",
      "required" : [ ],
      "properties" : {
        "name" : {
          "type" : "string"
        },
        "value" : {
          "type" : "string"
        }
      }
    }
  }
}