{
  "swagger" : "2.0",
  "info" : {
    "version" : "1.0",
    "title" : "Summary about the new REST service.",
    "description" : "Summary about the new REST service."
  },
  "host" : "localhost:8587",
  "basePath" : "/",
  "schemes" : [ "http" ],
  "consumes" : [ "application/json" ],
  "produces" : [ "application/json" ],
  "paths" : {
    "/createfolder" : {
      "post" : {
        "description" : "",
        "operationId" : "post-createfolder",
        "consumes" : [ "application/json" ],
        "produces" : [ "application/json" ],
        "parameters" : [ {
          "name" : "body",
          "in" : "body",
          "description" : "",
          "schema" : {
            "$ref" : "#/definitions/CreateFolderRqElement"
          },
          "required" : true
        } ],
        "responses" : {
          "200" : {
            "description" : "a CreateFolderRsElement to be returned",
            "schema" : {
              "$ref" : "#/definitions/CreateFolderRsElement"
            }
          }
        }
      }
    }
  },
  "definitions" : {
    "CreateFolderRsElement" : {
      "type" : "object",
      "required" : [ ],
      "properties" : {
        "name" : {
          "type" : "string"
        },
        "path_lower" : {
          "type" : "string"
        },
        "path_display" : {
          "type" : "string"
        },
        "id" : {
          "type" : "string"
        },
        "Error" : {
          "$ref" : "#/definitions/Error"
        }
      }
    },
    "Error" : {
      "type" : "object",
      "required" : [ ],
      "properties" : {
        "ErrorCode" : {
          "type" : "string"
        },
        "ErrorDescription" : {
          "type" : "string"
        },
        "Resolution" : {
          "type" : "string"
        }
      }
    },
    "CreateFolderRqElement" : {
      "type" : "object",
      "required" : [ "path" ],
      "properties" : {
        "path" : {
          "type" : "string"
        }
      }
    }
  }
}