{
  "swagger" : "2.0",
  "info" : {
    "version" : "1.0",
    "title" : "Summary about the new REST service.",
    "description" : "Summary about the new REST service."
  },
  "host" : "localhost:8080",
  "basePath" : "/",
  "schemes" : [ "http" ],
  "paths" : {
    "/apps/apptemplates/{name}" : {
      "get" : {
        "description" : "Get the {name} app template descriptor.",
        "operationId" : "get-apps-apptemplates",
        "consumes" : [ "application/json" ],
        "produces" : [ "application/xml" ],
        "parameters" : [ {
          "name" : "name",
          "in" : "path",
          "description" : "",
          "type" : "string",
          "required" : true
        } ],
        "responses" : {
          "200" : {
            "description" : "a string to be returned",
            "schema" : {
              "type" : "string"
            }
          }
        }
      }
    },
    "/apps/local/{name}" : {
      "post" : {
        "description" : "Update the {name} app properties.",
        "operationId" : "post-apps-local",
        "consumes" : [ "application/x-www-form-urlencoded" ],
        "produces" : [ "application/xml" ],
        "parameters" : [ {
          "name" : "configured",
          "in" : "formData",
          "description" : "",
          "type" : "boolean",
          "required" : false
        }, {
          "name" : "visible",
          "in" : "formData",
          "description" : "",
          "type" : "boolean",
          "required" : false
        }, {
          "name" : "author",
          "in" : "formData",
          "description" : "",
          "type" : "string",
          "required" : false
        }, {
          "name" : "name",
          "in" : "path",
          "description" : "",
          "type" : "string",
          "required" : true
        }, {
          "name" : "description",
          "in" : "formData",
          "description" : "",
          "type" : "string",
          "required" : false
        }, {
          "name" : "label",
          "in" : "formData",
          "description" : "",
          "type" : "string",
          "required" : false
        }, {
          "name" : "check_for_updates",
          "in" : "formData",
          "description" : "",
          "type" : "boolean",
          "required" : false
        }, {
          "name" : "version",
          "in" : "formData",
          "description" : "",
          "type" : "string",
          "required" : false
        } ],
        "responses" : {
          "200" : {
            "description" : "a string to be returned",
            "schema" : {
              "type" : "string"
            }
          }
        }
      },
      "get" : {
        "description" : "List information about the {name} app.",
        "operationId" : "get-apps-local",
        "consumes" : [ "application/json" ],
        "produces" : [ "application/xml" ],
        "parameters" : [ {
          "name" : "name",
          "in" : "path",
          "description" : "",
          "type" : "string",
          "required" : true
        } ],
        "responses" : {
          "200" : {
            "description" : "a string to be returned",
            "schema" : {
              "type" : "string"
            }
          }
        }
      },
      "delete" : {
        "description" : "Delete the {name} app.",
        "operationId" : "delete-apps-local",
        "consumes" : [ "application/json" ],
        "produces" : [ "application/xml" ],
        "parameters" : [ {
          "name" : "name",
          "in" : "path",
          "description" : "",
          "type" : "string",
          "required" : true
        } ],
        "responses" : {
          "200" : {
            "description" : "a string to be returned",
            "schema" : {
              "type" : "string"
            }
          }
        }
      }
    },
    "/apps/apptemplates" : {
      "get" : {
        "description" : "List installed app templates. ",
        "operationId" : "get-apps-apptemplates",
        "consumes" : [ "application/json" ],
        "produces" : [ "application/xml" ],
        "parameters" : [ ],
        "responses" : {
          "200" : {
            "description" : "a string to be returned",
            "schema" : {
              "type" : "string"
            }
          }
        }
      }
    },
    "/apps/local" : {
      "post" : {
        "description" : "Create an app.",
        "operationId" : "post-apps-local",
        "consumes" : [ "application/x-www-form-urlencoded" ],
        "produces" : [ "application/xml" ],
        "parameters" : [ {
          "name" : "configured",
          "in" : "formData",
          "description" : "",
          "type" : "boolean",
          "required" : false
        }, {
          "name" : "template",
          "in" : "formData",
          "description" : "",
          "type" : "string",
          "required" : false
        }, {
          "name" : "visible",
          "in" : "formData",
          "description" : "",
          "type" : "boolean",
          "required" : false
        }, {
          "name" : "auth",
          "in" : "formData",
          "description" : "",
          "type" : "string",
          "required" : false
        }, {
          "name" : "author",
          "in" : "formData",
          "description" : "",
          "type" : "string",
          "required" : false
        }, {
          "name" : "session",
          "in" : "formData",
          "description" : "",
          "type" : "string",
          "required" : false
        }, {
          "name" : "description",
          "in" : "formData",
          "description" : "",
          "type" : "string",
          "required" : false
        }, {
          "name" : "update",
          "in" : "formData",
          "description" : "",
          "type" : "boolean",
          "required" : false
        }, {
          "name" : "label",
          "in" : "formData",
          "description" : "",
          "type" : "string",
          "required" : false
        }, {
          "name" : "explicit_appname",
          "in" : "formData",
          "description" : "",
          "type" : "string",
          "required" : false
        }, {
          "name" : "version",
          "in" : "formData",
          "description" : "",
          "type" : "string",
          "required" : false
        }, {
          "name" : "filename",
          "in" : "formData",
          "description" : "",
          "type" : "boolean",
          "required" : false
        }, {
          "name" : "name",
          "in" : "formData",
          "description" : "",
          "type" : "string",
          "required" : true
        } ],
        "responses" : {
          "200" : {
            "description" : "a string to be returned",
            "schema" : {
              "type" : "string"
            }
          }
        }
      },
      "get" : {
        "description" : "List installed apps and properties.",
        "operationId" : "get-apps-local",
        "consumes" : [ "application/json" ],
        "produces" : [ "application/xml" ],
        "parameters" : [ ],
        "responses" : {
          "200" : {
            "description" : "a string to be returned",
            "schema" : {
              "type" : "string"
            }
          }
        }
      }
    },
    "/apps/local/{name}/package" : {
      "get" : {
        "description" : "Archive the {name} app as a .spl file in the $SPLUNK_HOME/etc/system/static/app-packages directory.",
        "operationId" : "get-apps-local-package",
        "consumes" : [ "application/json" ],
        "produces" : [ "application/xml" ],
        "parameters" : [ {
          "name" : "name",
          "in" : "path",
          "description" : "",
          "type" : "string",
          "required" : true
        } ],
        "responses" : {
          "200" : {
            "description" : "a string to be returned",
            "schema" : {
              "type" : "string"
            }
          }
        }
      }
    },
    "/apps/local/{name}/update" : {
      "get" : {
        "description" : "",
        "operationId" : "get-apps-local-update",
        "consumes" : [ "application/json" ],
        "produces" : [ "application/json" ],
        "parameters" : [ {
          "name" : "name",
          "in" : "path",
          "description" : "",
          "type" : "string",
          "required" : true
        } ],
        "responses" : {
          "200" : {
            "description" : "a string to be returned",
            "schema" : {
              "type" : "string"
            }
          }
        }
      }
    },
    "/apps/local/{name}/setup" : {
      "get" : {
        "description" : "Get the {name} app setup information.",
        "operationId" : "get-apps-local-setup",
        "consumes" : [ "application/json" ],
        "produces" : [ "application/xml" ],
        "parameters" : [ {
          "name" : "name",
          "in" : "path",
          "description" : "",
          "type" : "string",
          "required" : true
        } ],
        "responses" : {
          "200" : {
            "description" : "a string to be returned",
            "schema" : {
              "type" : "string"
            }
          }
        }
      }
    },
    "/apps/appinstall" : {
      "post" : {
        "description" : "Install or update an application.",
        "operationId" : "post-apps-appinstall",
        "consumes" : [ "application/x-www-form-urlencoded" ],
        "produces" : [ "application/json", "application/xml" ],
        "parameters" : [ {
          "name" : "name",
          "in" : "formData",
          "description" : "",
          "type" : "string",
          "required" : true
        }, {
          "name" : "update",
          "in" : "formData",
          "description" : "",
          "type" : "boolean",
          "required" : false
        } ],
        "responses" : {
          "200" : {
            "description" : "a string to be returned",
            "schema" : {
              "type" : "string"
            }
          }
        }
      }
    }
  },
  "definitions" : { }
}