{
  "swagger" : "2.0",
  "info" : {
    "version" : "1.0",
    "title" : "This EndPoint implements all Amazon SQS APIs specific to QueueMessageVisibility Resource.",
    "description" : "This EndPoint implements all Amazon SQS APIs specific to QueueMessageVisibility Resource."
  },
  "host" : "localhost:9876",
  "basePath" : "/",
  "schemes" : [ "http" ],
  "paths" : {
    "/sqs/queue/message/visibility/{AWSAccessKey}/{AWSSecretKey}/{AWSSQSEndPoint}" : {
      "put" : {
        "description" : "ChangeMessageVisibility: Changes the visibility timeout of a specified message in a queue to a new value. Value of VisibilityTimeout parameter is specified in seconds and must be an integer between 0 and 43200 (12 hours).",
        "operationId" : "ChangeMessageVisibility",
        "consumes" : [ "application/json" ],
        "produces" : [ "application/json" ],
        "parameters" : [ {
          "name" : "body",
          "in" : "body",
          "description" : "",
          "schema" : {
            "$ref" : "#/definitions/changeMessageVisibilityRequest"
          },
          "required" : true
        }, {
          "name" : "AWSSecretKey",
          "in" : "path",
          "description" : "",
          "type" : "string",
          "required" : true
        }, {
          "name" : "AWSAccessKey",
          "in" : "path",
          "description" : "",
          "type" : "string",
          "required" : true
        }, {
          "name" : "AWSSQSEndPoint",
          "in" : "path",
          "description" : "",
          "type" : "string",
          "required" : true
        } ],
        "responses" : {
          "200" : {
            "description" : "a changeMessageVisibilityResponse to be returned",
            "schema" : {
              "$ref" : "#/definitions/changeMessageVisibilityResponse"
            }
          }
        }
      }
    }
  },
  "definitions" : {
    "changeMessageVisibilityResponse" : {
      "type" : "object",
      "required" : [ "responseMetadata" ],
      "properties" : {
        "responseMetadata" : {
          "$ref" : "#/definitions/responseMetadata"
        }
      }
    },
    "responseMetadata" : {
      "type" : "object",
      "required" : [ "requestId" ],
      "properties" : {
        "requestId" : {
          "type" : "string"
        }
      }
    },
    "changeMessageVisibilityRequest" : {
      "type" : "object",
      "required" : [ "queueName", "receiptHandle", "visibilityTimeout" ],
      "properties" : {
        "queueName" : {
          "type" : "string"
        },
        "receiptHandle" : {
          "type" : "string"
        },
        "visibilityTimeout" : {
          "type" : "integer"
        }
      }
    }
  }
}