{
  "swagger" : "2.0",
  "info" : {
    "version" : "1.0",
    "title" : "This EndPoint implements all Amazon SQS APIs specific to QueuePermission Resource.",
    "description" : "This EndPoint implements all Amazon SQS APIs specific to QueuePermission Resource."
  },
  "host" : "localhost:9876",
  "basePath" : "/",
  "schemes" : [ "http" ],
  "paths" : {
    "/sqs/queue/permission/{AWSAccessKey}/{AWSSecretKey}/{AWSSQSEndPoint}" : {
      "put" : {
        "description" : "AddPermission: Adds a permission to a queue for a specific principal. This allows for sharing access to the queue. Valid Action Names: * | SendMessage | ReceiveMessage | DeleteMessage | ChangeMessageVisibility | GetQueueAttributes | GetQueueUrl",
        "operationId" : "AddPermission",
        "consumes" : [ "application/json" ],
        "produces" : [ "application/json" ],
        "parameters" : [ {
          "name" : "body",
          "in" : "body",
          "description" : "",
          "schema" : {
            "$ref" : "#/definitions/addPermissionRequest"
          },
          "required" : true
        }, {
          "name" : "AWSSecretKey",
          "in" : "path",
          "description" : "",
          "type" : "string",
          "required" : true
        }, {
          "name" : "AWSAccessKey",
          "in" : "path",
          "description" : "",
          "type" : "string",
          "required" : true
        }, {
          "name" : "AWSSQSEndPoint",
          "in" : "path",
          "description" : "",
          "type" : "string",
          "required" : true
        } ],
        "responses" : {
          "200" : {
            "description" : "a addPermissionResponse to be returned",
            "schema" : {
              "$ref" : "#/definitions/addPermissionResponse"
            }
          }
        }
      },
      "delete" : {
        "description" : "RemovePermission: Revokes any permissions in the queue policy that matches the specified Label parameter. Only the owner of the queue can remove permissions.",
        "operationId" : "RemovePermission",
        "consumes" : [ "application/json" ],
        "produces" : [ "application/json" ],
        "parameters" : [ {
          "name" : "AWSSecretKey",
          "in" : "path",
          "description" : "",
          "type" : "string",
          "required" : true
        }, {
          "name" : "Label",
          "in" : "query",
          "description" : "",
          "type" : "string",
          "required" : true
        }, {
          "name" : "AWSAccessKey",
          "in" : "path",
          "description" : "",
          "type" : "string",
          "required" : true
        }, {
          "name" : "AWSSQSEndPoint",
          "in" : "path",
          "description" : "",
          "type" : "string",
          "required" : true
        }, {
          "name" : "QueueName",
          "in" : "query",
          "description" : "",
          "type" : "string",
          "required" : true
        } ],
        "responses" : {
          "200" : {
            "description" : "a removePermissionResponse to be returned",
            "schema" : {
              "$ref" : "#/definitions/removePermissionResponse"
            }
          }
        }
      }
    }
  },
  "definitions" : {
    "addPermissionRequest" : {
      "type" : "object",
      "required" : [ "aWSAccountIds", "queueName", "label", "actions" ],
      "properties" : {
        "queueName" : {
          "type" : "string"
        },
        "label" : {
          "type" : "string"
        },
        "aWSAccountIds" : {
          "$ref" : "#/definitions/aWSAccountIds"
        },
        "actions" : {
          "$ref" : "#/definitions/actions"
        }
      }
    },
    "aWSAccountIds" : {
      "type" : "object",
      "required" : [ "aWSAccountId" ],
      "properties" : {
        "aWSAccountId" : {
          "type" : "array",
          "items" : {
            "type" : "string",
            "uniqueItems" : false
          }
        }
      }
    },
    "addPermissionResponse" : {
      "type" : "object",
      "required" : [ "responseMetadata" ],
      "properties" : {
        "responseMetadata" : {
          "$ref" : "#/definitions/responseMetadata"
        }
      }
    },
    "removePermissionResponse" : {
      "type" : "object",
      "required" : [ "responseMetadata" ],
      "properties" : {
        "responseMetadata" : {
          "$ref" : "#/definitions/responseMetadata"
        }
      }
    },
    "responseMetadata" : {
      "type" : "object",
      "required" : [ "requestId" ],
      "properties" : {
        "requestId" : {
          "type" : "string"
        }
      }
    },
    "actions" : {
      "type" : "object",
      "required" : [ "action" ],
      "properties" : {
        "action" : {
          "type" : "array",
          "items" : {
            "type" : "string",
            "uniqueItems" : false
          }
        }
      }
    }
  }
}