{
  "swagger" : "2.0",
  "info" : {
    "version" : "1.0",
    "title" : "This EndPoint implements all Amazon SQS APIs specific to QueueMessages Resource.",
    "description" : "This EndPoint implements all Amazon SQS APIs specific to QueueMessages Resource."
  },
  "host" : "localhost:9876",
  "basePath" : "/",
  "schemes" : [ "http" ],
  "paths" : {
    "/sqs/queue/messages/{AWSAccessKey}/{AWSSecretKey}/{AWSSQSEndPoint}" : {
      "delete" : {
        "description" : "PurgeQueue: Deletes all messages in a queue specified by the queue URL. When you purge a queue, the message deletion process takes up to 60 seconds. All messages sent to the queue before calling PurgeQueue will be deleted; messages sent to the queue while it is being purged may be deleted. While the queue is being purged, messages sent to the queue before PurgeQueue was called may be received, but will be deleted within the next minute.",
        "operationId" : "PurgeQueue",
        "consumes" : [ "application/json" ],
        "produces" : [ "application/json" ],
        "parameters" : [ {
          "name" : "AWSSecretKey",
          "in" : "path",
          "description" : "",
          "type" : "string",
          "required" : true
        }, {
          "name" : "AWSAccessKey",
          "in" : "path",
          "description" : "",
          "type" : "string",
          "required" : true
        }, {
          "name" : "AWSSQSEndPoint",
          "in" : "path",
          "description" : "",
          "type" : "string",
          "required" : true
        }, {
          "name" : "QueueName",
          "in" : "query",
          "description" : "",
          "type" : "string",
          "required" : true
        } ],
        "responses" : {
          "200" : {
            "description" : "a purgeQueueResponse to be returned",
            "schema" : {
              "$ref" : "#/definitions/purgeQueueResponse"
            }
          }
        }
      }
    }
  },
  "definitions" : {
    "purgeQueueResponse" : {
      "type" : "object",
      "required" : [ "responseMetadata" ],
      "properties" : {
        "responseMetadata" : {
          "$ref" : "#/definitions/responseMetadata"
        }
      }
    },
    "responseMetadata" : {
      "type" : "object",
      "required" : [ "requestId" ],
      "properties" : {
        "requestId" : {
          "type" : "string"
        }
      }
    }
  }
}