{
  "swagger" : "2.0",
  "info" : {
    "version" : "1.0",
    "title" : "This EndPoint implements all Amazon SQS APIs specific to Queues Resource.",
    "description" : "This EndPoint implements all Amazon SQS APIs specific to Queues Resource."
  },
  "host" : "localhost:9876",
  "basePath" : "/",
  "schemes" : [ "http" ],
  "paths" : {
    "/sqs/queues/{AWSAccessKey}/{AWSSecretKey}/{AWSSQSEndPoint}" : {
      "get" : {
        "description" : "ListQueues: Returns a list of URLs of all queues in Amazon SQS. If a prefix is supplied in the request, returns the URLs of only those queues whose names start with the supplied prefix.",
        "operationId" : "ListQueues",
        "consumes" : [ "application/json" ],
        "produces" : [ "application/json" ],
        "parameters" : [ {
          "name" : "AWSSecretKey",
          "in" : "path",
          "description" : "",
          "type" : "string",
          "required" : true
        }, {
          "name" : "AWSAccessKey",
          "in" : "path",
          "description" : "",
          "type" : "string",
          "required" : true
        }, {
          "name" : "QueueNamePrefix",
          "in" : "query",
          "description" : "",
          "type" : "string",
          "required" : false
        }, {
          "name" : "AWSSQSEndPoint",
          "in" : "path",
          "description" : "",
          "type" : "string",
          "required" : true
        } ],
        "responses" : {
          "200" : {
            "description" : "a listQueuesResponse to be returned",
            "schema" : {
              "$ref" : "#/definitions/listQueuesResponse"
            }
          }
        }
      }
    }
  },
  "definitions" : {
    "listQueuesResult" : {
      "type" : "object",
      "properties" : {
        "queueUrls" : {
          "type" : "array",
          "items" : {
            "type" : "string",
            "uniqueItems" : false
          }
        }
      }
    },
    "responseMetadata" : {
      "type" : "object",
      "required" : [ "requestId" ],
      "properties" : {
        "requestId" : {
          "type" : "string"
        }
      }
    },
    "listQueuesResponse" : {
      "type" : "object",
      "required" : [ "listQueuesResult", "responseMetadata" ],
      "properties" : {
        "listQueuesResult" : {
          "$ref" : "#/definitions/listQueuesResult"
        },
        "responseMetadata" : {
          "$ref" : "#/definitions/responseMetadata"
        }
      }
    }
  }
}