{
    "records": [{
        "name": "Cloud",
        "items": [{
            "localTimestamp": 1471771543775,
            "localURI": "/RetrieveRank/Service Descriptors/IBM Watson Retrieve and Rank Service_1.0.json",
            "disabled": false,
            "remoteTimestamp": 1471776657000,
            "localHash": "b759e6f517dd3c73bd1abc488c64694b9834c3a4",
            "remoteId": "9",
            "remoteHash": "b759e6f517dd3c73bd1abc488c64694b9834c3a4"
        }],
        "url": "https://integration.cloud.tibco.com:443"
    }],
    "resources": []
}