{
  "swagger" : "2.0",
  "info" : {
    "version" : "1.0",
    "title" : "Extracts all text from an HTML document.",
    "description" : "Extracts all text from an HTML document."
  },
  "host" : "localhost:8099",
  "basePath" : "/",
  "schemes" : [ "http" ],
  "consumes" : [ "application/json" ],
  "produces" : [ "application/json" ],
  "paths" : {
    "/alchemy/html/HTMLGetRawText" : {
      "post" : {
        "description" : "",
        "operationId" : "post-alchemy-html-HTMLGetRawText",
        "consumes" : [ "application/x-www-form-urlencoded" ],
        "produces" : [ "application/json" ],
        "parameters" : [ {
          "name" : "apikey",
          "in" : "formData",
          "description" : "",
          "type" : "string",
          "required" : false
        }, {
          "name" : "html",
          "in" : "formData",
          "description" : "",
          "type" : "string",
          "required" : true
        }, {
          "name" : "outputMode",
          "in" : "formData",
          "description" : "",
          "type" : "string",
          "required" : false
        }, {
          "name" : "url",
          "in" : "formData",
          "description" : "",
          "type" : "string",
          "required" : false
        } ],
        "responses" : {
          "200" : {
            "description" : "a string to be returned",
            "schema" : {
              "type" : "string"
            }
          }
        }
      },
      "get" : {
        "description" : "",
        "operationId" : "get-alchemy-html-HTMLGetRawText",
        "consumes" : [ "application/json" ],
        "produces" : [ "application/json" ],
        "parameters" : [ {
          "name" : "apikey",
          "in" : "query",
          "description" : "",
          "type" : "string",
          "required" : false
        }, {
          "name" : "html",
          "in" : "query",
          "description" : "",
          "type" : "string",
          "required" : true
        }, {
          "name" : "outputMode",
          "in" : "query",
          "description" : "",
          "type" : "string",
          "required" : false
        }, {
          "name" : "url",
          "in" : "query",
          "description" : "",
          "type" : "string",
          "required" : false
        } ],
        "responses" : {
          "200" : {
            "description" : "a string to be returned",
            "schema" : {
              "type" : "string"
            }
          }
        }
      }
    }
  },
  "definitions" : { }
}