{
  "swagger" : "2.0",
  "info" : {
    "version" : "1.0",
    "title" : "Searches for graph concepts by using partial matches on the concept label.",
    "description" : "Searches for graph concepts by using partial matches on the concept label."
  },
  "host" : "localhost:8099",
  "basePath" : "/",
  "schemes" : [ "http" ],
  "consumes" : [ "application/json" ],
  "produces" : [ "application/json" ],
  "paths" : {
    "/lanugage/conceptinsights/graphs/{account_id}/{graph}/label_search" : {
      "get" : {
        "description" : "",
        "operationId" : "get-lanugage-conceptinsights-graphs",
        "consumes" : [ "application/json" ],
        "produces" : [ "application/json" ],
        "parameters" : [ {
          "name" : "account_id",
          "in" : "path",
          "description" : "",
          "type" : "string",
          "required" : true
        }, {
          "name" : "query1",
          "in" : "query",
          "description" : "",
          "type" : "string",
          "required" : false
        }, {
          "name" : "graph",
          "in" : "path",
          "description" : "",
          "type" : "string",
          "required" : true
        } ],
        "responses" : {
          "200" : {
            "description" : "a string to be returned",
            "schema" : {
              "type" : "string"
            }
          }
        }
      }
    }
  },
  "definitions" : { }
}