{
  "swagger" : "2.0",
  "info" : {
    "version" : "1.0",
    "title" : "Sets the values for profile variables.",
    "description" : "Sets the values for profile variables."
  },
  "host" : "localhost:8099",
  "basePath" : "/",
  "schemes" : [ "http" ],
  "consumes" : [ "application/json" ],
  "produces" : [ "application/json" ],
  "paths" : {
    "/lanugage/dialog/profile/dialogs/{dialog_id}/profile" : {
      "get" : {
        "description" : "",
        "operationId" : "get-lanugage-dialog-profile-dialogs",
        "consumes" : [ "application/json" ],
        "produces" : [ "application/json" ],
        "parameters" : [ {
          "name" : "dialog_id",
          "in" : "path",
          "description" : "",
          "type" : "string",
          "required" : true
        }, {
          "name" : "query1",
          "in" : "query",
          "description" : "",
          "type" : "string",
          "required" : false
        } ],
        "responses" : {
          "200" : {
            "description" : "a string to be returned",
            "schema" : {
              "type" : "string"
            }
          }
        }
      },
      "put" : {
        "description" : "",
        "operationId" : "put-lanugage-dialog-profile-dialogs",
        "consumes" : [ "application/x-www-form-urlencoded" ],
        "produces" : [ "application/json" ],
        "parameters" : [ {
          "name" : "dialog_id",
          "in" : "path",
          "description" : "",
          "type" : "string",
          "required" : true
        }, {
          "name" : "form1",
          "in" : "formData",
          "description" : "",
          "type" : "string",
          "required" : false
        } ],
        "responses" : {
          "200" : {
            "description" : "a string to be returned",
            "schema" : {
              "type" : "string"
            }
          }
        }
      }
    }
  },
  "definitions" : { }
}