{
  "swagger" : "2.0",
  "info" : {
    "version" : "1.0",
    "title" : "Retrieves the available corpora.",
    "description" : "Retrieves the available corpora."
  },
  "host" : "localhost:8099",
  "basePath" : "/",
  "schemes" : [ "http" ],
  "consumes" : [ "application/json" ],
  "produces" : [ "application/json" ],
  "paths" : {
    "/lanugage/conceptinsights/corpora/corpora" : {
      "get" : {
        "description" : "",
        "operationId" : "get-lanugage-conceptinsights-corpora-corpora",
        "consumes" : [ "application/json" ],
        "produces" : [ "application/json" ],
        "parameters" : [ {
          "name" : "query1",
          "in" : "query",
          "description" : "",
          "type" : "string",
          "required" : false
        } ],
        "responses" : {
          "200" : {
            "description" : "a string to be returned",
            "schema" : {
              "type" : "string"
            }
          }
        }
      }
    }
  },
  "definitions" : { }
}