{
    "records": [{
        "name": "Cloud",
        "items": [],
        "url": "https://integration.cloud.tibco.com:443"
    }],
    "resources": [
        {
            "location": "Service Descriptors/tcizendesk.TestRuntime-tcizendeskruntimetest.json",
            "type": "generated"
        },
        {
            "location": "Service Descriptors/tcizendesk.tcizendeskuserservice-tcizendeskservice-ver1-usersession.json",
            "type": "generated"
        },
        {
            "location": "Service Descriptors/tcizendesk.tcizendeskticketservice-tcizendeskservice-ver1-tickets.json",
            "type": "generated"
        },
        {
            "location": "Service Descriptors/tcizendesk.tcizendesksearchservice-tcizendeskservice-ver1-search.json",
            "type": "generated"
        },
        {
            "location": "Service Descriptors/tcizendesk.tcizendeskticketcomment-tcizendeskservice-ver1-ticketcomment.json",
            "type": "generated"
        },
        {
            "location": "Service Descriptors/tcizendesk.tcizendeskticketaudit-tcizendeskservice-ver1-ticketaudit.json",
            "type": "generated"
        },
        {
            "location": "Service Descriptors/tcizendesk.tcizendeskarticlecategory-tcizendeskservice-ver1-articlecategory.json",
            "type": "generated"
        },
        {
            "location": "Service Descriptors/tcizendesk.tcizendeskarticlesection-tcizendeskservice-ver1-articlesection.json",
            "type": "generated"
        },
        {
            "location": "Service Descriptors/tcizendesk.tcizendeskarticle-tcizendeskservice-ver1-article.json",
            "type": "generated"
        },
        {
            "location": "Service Descriptors/tcizendesk.tcizendeskzenuserservice-tcizendeskservice-ver1-users.json",
            "type": "generated"
        }
    ]
}