{
  "swagger" : "2.0",
  "info" : {
    "version" : "1.0",
    "title" : "Manage external groups in an IdP response to internal Splunk platform roles.",
    "description" : "Manage external groups in an IdP response to internal Splunk platform roles."
  },
  "host" : "localhost:8080",
  "basePath" : "/",
  "schemes" : [ "http" ],
  "paths" : {
    "/authorization/capabilities" : {
      "get" : {
        "description" : "List system capabiilities.",
        "operationId" : "get-authorization-capabilities",
        "consumes" : [ "application/json" ],
        "produces" : [ "application/xml" ],
        "parameters" : [ ],
        "responses" : {
          "200" : {
            "description" : "a string to be returned",
            "schema" : {
              "type" : "string"
            }
          }
        }
      }
    },
    "/authorization/roles" : {
      "post" : {
        "description" : "Create a user role.",
        "operationId" : "create-a-user-role.",
        "consumes" : [ "application/x-www-form-urlencoded" ],
        "produces" : [ "application/xml" ],
        "parameters" : [ {
          "name" : "srchDiskQuota",
          "in" : "formData",
          "description" : "",
          "type" : "integer",
          "format" : "int32",
          "required" : false
        }, {
          "name" : "srchIndexesDefault",
          "in" : "formData",
          "description" : "",
          "type" : "string",
          "required" : false
        }, {
          "name" : "srchTimeWin",
          "in" : "formData",
          "description" : "",
          "type" : "integer",
          "format" : "int32",
          "required" : false
        }, {
          "name" : "capabilities",
          "in" : "formData",
          "description" : "",
          "type" : "string",
          "required" : false
        }, {
          "name" : "cumulativeRTSrchJobsQuota",
          "in" : "formData",
          "description" : "",
          "type" : "integer",
          "format" : "int32",
          "required" : false
        }, {
          "name" : "srchJobsQuota",
          "in" : "formData",
          "description" : "",
          "type" : "integer",
          "format" : "int32",
          "required" : false
        }, {
          "name" : "defaultApp",
          "in" : "formData",
          "description" : "",
          "type" : "string",
          "required" : false
        }, {
          "name" : "srchIndexesAllowed",
          "in" : "formData",
          "description" : "",
          "type" : "string",
          "required" : false
        }, {
          "name" : "imported_roles",
          "in" : "formData",
          "description" : "",
          "type" : "string",
          "required" : false
        }, {
          "name" : "rtSrchJobsQuota",
          "in" : "formData",
          "description" : "",
          "type" : "integer",
          "format" : "int32",
          "required" : false
        }, {
          "name" : "name",
          "in" : "formData",
          "description" : "",
          "type" : "string",
          "required" : true
        }, {
          "name" : "cumulativeSrchJobsQuota",
          "in" : "formData",
          "description" : "",
          "type" : "integer",
          "format" : "int32",
          "required" : false
        }, {
          "name" : "srchFilter",
          "in" : "formData",
          "description" : "",
          "type" : "string",
          "required" : false
        } ],
        "responses" : {
          "200" : {
            "description" : "a string to be returned",
            "schema" : {
              "type" : "string"
            }
          }
        }
      },
      "get" : {
        "description" : "List all roles and the permissions for each role.",
        "operationId" : "get-authorization-roles",
        "consumes" : [ "application/json" ],
        "produces" : [ "application/xml" ],
        "parameters" : [ ],
        "responses" : {
          "200" : {
            "description" : "a string to be returned",
            "schema" : {
              "type" : "string"
            }
          }
        }
      }
    },
    "/admin/SAML-user-role-map/{name}" : {
      "delete" : {
        "description" : "Remove a username from SAML users for saved searches.",
        "operationId" : "delete-admin-SAML-user-role-map",
        "consumes" : [ "application/json" ],
        "produces" : [ "application/xml" ],
        "parameters" : [ {
          "name" : "name",
          "in" : "path",
          "description" : "",
          "type" : "string",
          "required" : true
        } ],
        "responses" : {
          "200" : {
            "description" : "a string to be returned",
            "schema" : {
              "type" : "string"
            }
          }
        }
      }
    },
    "/admin/SAML-user-role-map" : {
      "post" : {
        "description" : "Update SAML user and role information for saved searches.",
        "operationId" : "post-admin-SAML-user-role-map",
        "consumes" : [ "application/x-www-form-urlencoded" ],
        "produces" : [ "application/xml" ],
        "parameters" : [ {
          "name" : "roles",
          "in" : "formData",
          "description" : "",
          "type" : "string",
          "required" : false
        }, {
          "name" : "name",
          "in" : "formData",
          "description" : "",
          "type" : "string",
          "required" : false
        } ],
        "responses" : {
          "200" : {
            "description" : "a string to be returned",
            "schema" : {
              "type" : "string"
            }
          }
        }
      },
      "get" : {
        "description" : "Access SAML user and role information for saved searches.",
        "operationId" : "get-admin-SAML-user-role-map",
        "consumes" : [ "application/json" ],
        "produces" : [ "application/xml" ],
        "parameters" : [ ],
        "responses" : {
          "200" : {
            "description" : "a string to be returned",
            "schema" : {
              "type" : "string"
            }
          }
        }
      }
    },
    "/admin/SAML-groups/{group_name}" : {
      "delete" : {
        "description" : "Delete the {group_name} particular group.",
        "operationId" : "delete-admin-SAML-groups",
        "consumes" : [ "application/json" ],
        "produces" : [ "application/xml" ],
        "parameters" : [ {
          "name" : "group_name",
          "in" : "path",
          "description" : "",
          "type" : "string",
          "required" : true
        } ],
        "responses" : {
          "200" : {
            "description" : "a string to be returned",
            "schema" : {
              "type" : "string"
            }
          }
        }
      }
    },
    "/storage/passwords" : {
      "post" : {
        "description" : "Create/update new credentials.",
        "operationId" : "post-storage-passwords",
        "consumes" : [ "application/x-www-form-urlencoded" ],
        "produces" : [ "application/xml" ],
        "parameters" : [ {
          "name" : "password",
          "in" : "formData",
          "description" : "",
          "type" : "string",
          "required" : true
        }, {
          "name" : "name",
          "in" : "formData",
          "description" : "",
          "type" : "string",
          "required" : true
        }, {
          "name" : "realm",
          "in" : "formData",
          "description" : "",
          "type" : "string",
          "required" : false
        } ],
        "responses" : {
          "200" : {
            "description" : "a string to be returned",
            "schema" : {
              "type" : "string"
            }
          }
        }
      },
      "get" : {
        "description" : "List available credentials.",
        "operationId" : "get-storage-passwords",
        "consumes" : [ "application/json" ],
        "produces" : [ "application/xml" ],
        "parameters" : [ ],
        "responses" : {
          "200" : {
            "description" : "a string to be returned",
            "schema" : {
              "type" : "string"
            }
          }
        }
      }
    },
    "/admin/SAML-idp-metadata" : {
      "get" : {
        "description" : "Access SAML user and role information for saved searches.",
        "operationId" : "get-admin-SAML-idp-metadata",
        "consumes" : [ "application/json" ],
        "produces" : [ "application/xml" ],
        "parameters" : [ ],
        "responses" : {
          "200" : {
            "description" : "a string to be returned",
            "schema" : {
              "type" : "string"
            }
          }
        }
      }
    },
    "/authorization/grantable_capabilities" : {
      "get" : {
        "description" : "List capabilities that the current user can grant.",
        "operationId" : "get-authorization-grantable_capabilities",
        "consumes" : [ "application/json" ],
        "produces" : [ "application/xml" ],
        "parameters" : [ ],
        "responses" : {
          "200" : {
            "description" : "a string to be returned",
            "schema" : {
              "type" : "string"
            }
          }
        }
      }
    },
    "/auth/login" : {
      "post" : {
        "description" : "",
        "operationId" : "post-auth-login",
        "consumes" : [ "application/x-www-form-urlencoded" ],
        "produces" : [ "application/xml" ],
        "parameters" : [ {
          "name" : "password",
          "in" : "formData",
          "description" : "",
          "type" : "string",
          "required" : true
        }, {
          "name" : "cookie",
          "in" : "formData",
          "description" : "",
          "type" : "boolean",
          "required" : false
        }, {
          "name" : "username",
          "in" : "formData",
          "description" : "",
          "type" : "string",
          "required" : true
        } ],
        "responses" : {
          "200" : {
            "description" : "a string to be returned",
            "schema" : {
              "type" : "string"
            }
          }
        }
      }
    },
    "/admin/SAML-sp-metadata" : {
      "get" : {
        "description" : "Access SAML metadata attributes.",
        "operationId" : "get-admin-SAML-sp-metadata",
        "consumes" : [ "application/json" ],
        "produces" : [ "application/xml" ],
        "parameters" : [ ],
        "responses" : {
          "200" : {
            "description" : "a string to be returned",
            "schema" : {
              "type" : "string"
            }
          }
        }
      }
    },
    "/authentication/current-context" : {
      "get" : {
        "description" : "Get user information for the current context.",
        "operationId" : "get-authentication-current-context",
        "consumes" : [ "application/json" ],
        "produces" : [ "application/json" ],
        "parameters" : [ ],
        "responses" : {
          "200" : {
            "description" : "a string to be returned",
            "schema" : {
              "type" : "string"
            }
          }
        }
      }
    },
    "/admin/SAML-groups" : {
      "post" : {
        "description" : "Convert an external group to internal roles.",
        "operationId" : "post-admin-SAML-groups",
        "consumes" : [ "application/x-www-form-urlencoded" ],
        "produces" : [ "application/xml" ],
        "parameters" : [ {
          "name" : "roles",
          "in" : "formData",
          "description" : "",
          "type" : "string",
          "required" : false
        }, {
          "name" : "name",
          "in" : "formData",
          "description" : "",
          "type" : "string",
          "required" : false
        } ],
        "responses" : {
          "200" : {
            "description" : "a string to be returned",
            "schema" : {
              "type" : "string"
            }
          }
        }
      },
      "get" : {
        "description" : "Access internal roles for this external group.",
        "operationId" : "get-admin-SAML-groups",
        "consumes" : [ "application/json" ],
        "produces" : [ "application/xml" ],
        "parameters" : [ ],
        "responses" : {
          "200" : {
            "description" : "a string to be returned",
            "schema" : {
              "type" : "string"
            }
          }
        }
      }
    },
    "/authentication/providers/SAML" : {
      "get" : {
        "description" : "Access SAML configurations.",
        "operationId" : "get-authentication-providers-SAML",
        "consumes" : [ "application/json" ],
        "produces" : [ "application/xml" ],
        "parameters" : [ ],
        "responses" : {
          "200" : {
            "description" : "a string to be returned",
            "schema" : {
              "type" : "string"
            }
          }
        }
      }
    },
    "/authorization/roles/{name}" : {
      "post" : {
        "description" : "Update the specified role.",
        "operationId" : "post-authorization-roles",
        "consumes" : [ "application/x-www-form-urlencoded" ],
        "produces" : [ "application/xml" ],
        "parameters" : [ {
          "name" : "srchDiskQuota",
          "in" : "formData",
          "description" : "",
          "type" : "integer",
          "format" : "int32",
          "required" : false
        }, {
          "name" : "srchIndexesDefault",
          "in" : "formData",
          "description" : "",
          "type" : "string",
          "required" : false
        }, {
          "name" : "imported_srchDiskQuota",
          "in" : "formData",
          "description" : "",
          "type" : "string",
          "required" : false
        }, {
          "name" : "srchTimeWin",
          "in" : "formData",
          "description" : "",
          "type" : "integer",
          "format" : "int32",
          "required" : false
        }, {
          "name" : "capabilities",
          "in" : "formData",
          "description" : "",
          "type" : "string",
          "required" : false
        }, {
          "name" : "imported_capabilities",
          "in" : "formData",
          "description" : "",
          "type" : "string",
          "required" : false
        }, {
          "name" : "cumulativeRTSrchJobsQuota",
          "in" : "formData",
          "description" : "",
          "type" : "integer",
          "format" : "int32",
          "required" : false
        }, {
          "name" : "imported_srchIndexesAllowed",
          "in" : "formData",
          "description" : "",
          "type" : "string",
          "required" : false
        }, {
          "name" : "srchJobsQuota",
          "in" : "formData",
          "description" : "",
          "type" : "integer",
          "format" : "int32",
          "required" : false
        }, {
          "name" : "imported_srchFilter",
          "in" : "formData",
          "description" : "",
          "type" : "string",
          "required" : false
        }, {
          "name" : "imported_rtSrchJobsQuota",
          "in" : "formData",
          "description" : "",
          "type" : "string",
          "required" : false
        }, {
          "name" : "defaultApp",
          "in" : "formData",
          "description" : "",
          "type" : "string",
          "required" : false
        }, {
          "name" : "srchIndexesAllowed",
          "in" : "formData",
          "description" : "",
          "type" : "string",
          "required" : false
        }, {
          "name" : "imported_roles",
          "in" : "formData",
          "description" : "",
          "type" : "string",
          "required" : false
        }, {
          "name" : "imported_srchIndexesDefault",
          "in" : "formData",
          "description" : "",
          "type" : "string",
          "required" : false
        }, {
          "name" : "rtSrchJobsQuota",
          "in" : "formData",
          "description" : "",
          "type" : "integer",
          "format" : "int32",
          "required" : false
        }, {
          "name" : "name",
          "in" : "path",
          "description" : "",
          "type" : "string",
          "required" : true
        }, {
          "name" : "cumulativeSrchJobsQuota",
          "in" : "formData",
          "description" : "",
          "type" : "string",
          "required" : false
        }, {
          "name" : "imported_srchTimeWin",
          "in" : "formData",
          "description" : "",
          "type" : "string",
          "required" : false
        }, {
          "name" : "srchFilter",
          "in" : "formData",
          "description" : "",
          "type" : "string",
          "required" : false
        }, {
          "name" : "imported_srchJobsQuota",
          "in" : "formData",
          "description" : "",
          "type" : "string",
          "required" : false
        } ],
        "responses" : {
          "200" : {
            "description" : "a string to be returned",
            "schema" : {
              "type" : "string"
            }
          }
        }
      },
      "get" : {
        "description" : "Access the specified role.",
        "operationId" : "get-authorization-roles",
        "consumes" : [ "application/json" ],
        "produces" : [ "application/xml" ],
        "parameters" : [ {
          "name" : "name",
          "in" : "path",
          "description" : "",
          "type" : "string",
          "required" : true
        } ],
        "responses" : {
          "200" : {
            "description" : "a string to be returned",
            "schema" : {
              "type" : "string"
            }
          }
        }
      },
      "delete" : {
        "description" : "Delete the specified role.",
        "operationId" : "delete-authorization-roles",
        "consumes" : [ "application/json" ],
        "produces" : [ "application/xml" ],
        "parameters" : [ {
          "name" : "name",
          "in" : "path",
          "description" : "",
          "type" : "string",
          "required" : true
        } ],
        "responses" : {
          "200" : {
            "description" : "a string to be returned",
            "schema" : {
              "type" : "string"
            }
          }
        }
      }
    },
    "/storage/passwords/{name}" : {
      "post" : {
        "description" : "Update the specified user credentials.",
        "operationId" : "post-storage-passwords",
        "consumes" : [ "application/x-www-form-urlencoded" ],
        "produces" : [ "application/xml" ],
        "parameters" : [ {
          "name" : "password",
          "in" : "formData",
          "description" : "",
          "type" : "string",
          "required" : false
        }, {
          "name" : "name",
          "in" : "path",
          "description" : "",
          "type" : "string",
          "required" : true
        } ],
        "responses" : {
          "200" : {
            "description" : "a string to be returned",
            "schema" : {
              "type" : "string"
            }
          }
        }
      },
      "get" : {
        "description" : "Access the specified user credentials.",
        "operationId" : "get-storage-passwords",
        "consumes" : [ "application/json" ],
        "produces" : [ "application/xml" ],
        "parameters" : [ {
          "name" : "name",
          "in" : "path",
          "description" : "",
          "type" : "string",
          "required" : true
        } ],
        "responses" : {
          "200" : {
            "description" : "a string to be returned",
            "schema" : {
              "type" : "string"
            }
          }
        }
      },
      "delete" : {
        "description" : "Delete the specified user credentials.",
        "operationId" : "delete-storage-passwords",
        "consumes" : [ "application/json" ],
        "produces" : [ "application/xml" ],
        "parameters" : [ {
          "name" : "name",
          "in" : "path",
          "description" : "",
          "type" : "string",
          "required" : true
        } ],
        "responses" : {
          "200" : {
            "description" : "a string to be returned",
            "schema" : {
              "type" : "string"
            }
          }
        }
      }
    },
    "/authentication/httpauth-tokens" : {
      "get" : {
        "description" : "List currently active session IDs/users.",
        "operationId" : "get-authentication-httpauth-tokens",
        "consumes" : [ "application/json" ],
        "produces" : [ "application/xml" ],
        "parameters" : [ ],
        "responses" : {
          "200" : {
            "description" : "a string to be returned",
            "schema" : {
              "type" : "string"
            }
          }
        }
      }
    },
    "/authentication/httpauth-tokens/{name}" : {
      "get" : {
        "description" : "Get session information.",
        "operationId" : "get-authentication-httpauth-tokens",
        "consumes" : [ "application/json" ],
        "produces" : [ "application/xml" ],
        "parameters" : [ {
          "name" : "name",
          "in" : "path",
          "description" : "",
          "type" : "string",
          "required" : true
        } ],
        "responses" : {
          "200" : {
            "description" : "a string to be returned",
            "schema" : {
              "type" : "string"
            }
          }
        }
      },
      "delete" : {
        "description" : "Delete the session associated with this session ID.",
        "operationId" : "delete-authentication-httpauth-tokens",
        "consumes" : [ "application/json" ],
        "produces" : [ "application/xml" ],
        "parameters" : [ {
          "name" : "name",
          "in" : "path",
          "description" : "",
          "type" : "string",
          "required" : true
        } ],
        "responses" : {
          "200" : {
            "description" : "a string to be returned",
            "schema" : {
              "type" : "string"
            }
          }
        }
      }
    }
  },
  "definitions" : { }
}