{
  "swagger": "2.0",
  "info": {
    "version": "1.0",
    "title": "TwilioConnector",
    "x-lastModified": "Aug 25, 2016 08:45AM PST"
  },
  "paths": {
    "/sms/{to}": {
      "post": {
        "produces": [
          "application/json"
        ],
        "responses": {
          "200": {
            "description": "Success response"
          }
        },
        "parameters": [
          {
            "name": "to",
            "in": "path",
            "description": "",
            "required": true,
            "type": "string",
            "format": ""
          }
        ]
      }
    },
    "/call/{to}": {
      "post": {
        "produces": [
          "application/json"
        ],
        "responses": {
          "200": {
            "description": "Success response"
          }
        },
        "parameters": [
          {
            "in": "path",
            "description": "",
            "required": true,
            "type": "string",
            "format": "",
            "name": "to"
          }
        ]
      }
    },
    "/sms/status/{sid}": {
      "get": {
        "produces": [
          "application/json"
        ],
        "responses": {
          "200": {
            "description": "Success response"
          }
        },
        "parameters": [
          {
            "name": "sid",
            "in": "path",
            "description": "",
            "required": true,
            "type": "string",
            "format": ""
          }
        ]
      }
    },
    "/call/status/{sid}": {
      "get": {
        "produces": [
          "application/json"
        ],
        "responses": {
          "200": {
            "description": "Success response"
          }
        },
        "parameters": [
          {
            "name": "sid",
            "in": "path",
            "description": "",
            "required": true,
            "type": "string",
            "format": ""
          }
        ]
      }
    }
  }
}