{
  "swagger": "2.0",
  "info": {
    "version": "1.0",
    "title": "Surveys_Pages_Questions",
    "x-lastModified": "Aug 17, 2016 06:22AM PST"
  },
  "paths": {
    "/surveys": {
      "get": {
        "produces": [
          "application/json"
        ],
        "responses": {
          "200": {
            "description": "Success response"
          }
        },
        "parameters": [
          {
            "name": "api_key",
            "in": "query",
            "description": "",
            "required": true,
            "type": "string",
            "format": "",
            "default": ""
          },
          {
            "name": "page",
            "in": "query",
            "description": "Which page of resources to return. Defaults to 1",
            "required": false,
            "type": "integer",
            "format": "int32",
            "default": 1
          },
          {
            "name": "per_page",
            "in": "query",
            "description": "Number of resources to return per page",
            "required": false,
            "type": "integer",
            "format": "int32"
          },
          {
            "name": "sort_by",
            "in": "query",
            "description": "Field used to sort returned survey list: ‘title’, 'date_modified’, or 'num_responses’",
            "required": false,
            "type": "string",
            "format": ""
          },
          {
            "name": "sort_order",
            "in": "query",
            "description": "Sort order: 'ASC’ or 'DESC’",
            "required": false,
            "type": "string",
            "format": ""
          },
          {
            "name": "include",
            "in": "query",
            "description": "Collaboration option to filter survey list: 'shared_with’, 'shared_by’, or 'owned’",
            "required": false,
            "type": "string",
            "format": ""
          },
          {
            "name": "start_modified_at",
            "in": "query",
            "description": "Surveys must be last modified after this date.",
            "required": false,
            "type": "string",
            "format": "date-time"
          },
          {
            "name": "end_modified_at",
            "in": "query",
            "description": "Surveys must be last modified before this date.",
            "required": false,
            "type": "string",
            "format": "date-time"
          },
          {
            "name": "OAuth-Key",
            "in": "header",
            "description": "Collaboration option to filter survey list: 'shared_with’, 'shared_by’, or 'owned’",
            "required": true,
            "type": "string",
            "format": "",
            "default": ""
          }
        ]
      },
      "post": {
        "produces": [
          "application/json"
        ],
        "responses": {
          "200": {
            "description": "Success response"
          }
        },
        "parameters": [
          {
            "name": "api_key",
            "in": "query",
            "description": "",
            "required": true,
            "type": "string",
            "format": "",
            "default": ""
          },
          {
            "name": "OAuth-Key",
            "in": "header",
            "description": "",
            "required": true,
            "type": "string",
            "format": "",
            "default": ""
          },
          {
            "name": "body",
            "in": "body",
            "description": "Survey details to create",
            "schema": {
              "type": "string"
            }
          }
        ],
        "consumes": [
          "application/json"
        ]
      }
    },
    "/surveys/{survey_id}": {
      "get": {
        "produces": [
          "application/json"
        ],
        "responses": {
          "200": {
            "description": "Success response"
          }
        },
        "parameters": [
          {
            "name": "api_key",
            "in": "query",
            "description": "",
            "required": true,
            "type": "string",
            "format": "",
            "default": "",
            "path": "/surveys/{survey_id}",
            "method": "get"
          },
          {
            "name": "OAuth-Key",
            "in": "header",
            "description": "",
            "required": true,
            "type": "string",
            "format": "",
            "default": ""
          },
          {
            "name": "survey_id",
            "in": "path",
            "description": "",
            "required": true,
            "type": "string",
            "format": ""
          }
        ]
      },
      "put": {
        "produces": [
          "application/json"
        ],
        "responses": {
          "200": {
            "description": "Success response"
          }
        },
        "parameters": [
          {
            "name": "api_key",
            "in": "query",
            "description": "",
            "required": true,
            "type": "string",
            "format": "",
            "path": "/surveys/{survey_id}",
            "method": "put"
          },
          {
            "name": "OAuth-Key",
            "in": "header",
            "description": "",
            "required": true,
            "type": "string",
            "format": "",
            "default": ""
          },
          {
            "name": "survey_id",
            "in": "path",
            "description": "",
            "required": true,
            "type": "string",
            "format": ""
          },
          {
            "name": "body",
            "in": "body",
            "description": "Replaces a survey. Request body arguments the same as POST",
            "schema": {
              "type": "string"
            }
          }
        ],
        "consumes": [
          "application/json"
        ]
      },
      "delete": {
        "produces": [
          "application/json"
        ],
        "responses": {
          "200": {
            "description": "Success response"
          }
        },
        "parameters": [
          {
            "name": "api_key",
            "in": "query",
            "description": "",
            "required": true,
            "type": "string",
            "format": "",
            "path": "/surveys/{survey_id}",
            "method": "delete"
          },
          {
            "name": "OAuth-Key",
            "in": "header",
            "description": "",
            "required": true,
            "type": "string",
            "format": "",
            "default": ""
          },
          {
            "name": "survey_id",
            "in": "path",
            "description": "",
            "required": true,
            "type": "string",
            "format": ""
          }
        ]
      }
    },
    "/survey_categories": {
      "get": {
        "produces": [
          "application/json"
        ],
        "responses": {
          "200": {
            "description": "Success response"
          }
        },
        "parameters": [
          {
            "name": "api_key",
            "in": "query",
            "description": "",
            "required": true,
            "type": "string",
            "format": "",
            "default": ""
          },
          {
            "name": "page",
            "in": "query",
            "description": "Which page of resources to return. Defaults to 1",
            "required": false,
            "type": "integer",
            "format": "int32",
            "default": 1
          },
          {
            "name": "per_page",
            "in": "query",
            "description": "Number of resources to return per page",
            "required": false,
            "type": "integer",
            "format": "int32"
          },
          {
            "name": "language",
            "in": "query",
            "description": "Category language to filter by (default=en)",
            "required": false,
            "type": "string",
            "format": "",
            "default": "en"
          },
          {
            "name": "OAuth-Key",
            "in": "header",
            "description": "",
            "required": true,
            "type": "string",
            "format": "",
            "default": ""
          }
        ]
      }
    },
    "/survey_templates": {
      "get": {
        "produces": [
          "application/json"
        ],
        "responses": {
          "200": {
            "description": "Success response"
          }
        },
        "parameters": [
          {
            "name": "api_key",
            "in": "query",
            "description": "",
            "required": true,
            "type": "string",
            "format": "",
            "default": ""
          },
          {
            "name": "page",
            "in": "query",
            "description": "Which page of resources to return. Defaults to 1",
            "required": false,
            "type": "integer",
            "format": "int32",
            "default": 1
          },
          {
            "name": "per_page",
            "in": "query",
            "description": "Number of resources to return per page",
            "required": false,
            "type": "integer",
            "format": "int32"
          },
          {
            "name": "language",
            "in": "query",
            "description": "Template language to filter by (default=en)",
            "required": false,
            "type": "string",
            "format": "",
            "default": "en"
          },
          {
            "name": "category",
            "in": "query",
            "description": "Category to filter by, see /survey_categories for a list of available categories if not specified, all categories are returned",
            "required": false,
            "type": "string",
            "format": "",
            "default": ""
          },
          {
            "name": "OAuth-Key",
            "in": "header",
            "description": "",
            "required": true,
            "type": "string",
            "format": "",
            "default": ""
          }
        ]
      }
    },
    "/surveys/{survey_id}/pages/{page_id}": {
      "get": {
        "produces": [
          "application/json"
        ],
        "responses": {
          "200": {
            "description": "Success response"
          }
        },
        "parameters": [
          {
            "name": "api_key",
            "in": "query",
            "description": "",
            "required": true,
            "type": "string",
            "format": "",
            "default": "",
            "path": "/surveys/{survey_id}/pages/{page_id}",
            "method": "get"
          },
          {
            "name": "OAuth-Key",
            "in": "header",
            "description": "",
            "required": true,
            "type": "string",
            "format": "",
            "default": ""
          },
          {
            "name": "survey_id",
            "in": "path",
            "description": "Survey id for which to return a page’s details",
            "required": true,
            "type": "string",
            "format": ""
          },
          {
            "name": "page_id",
            "in": "path",
            "description": "Page Id for which to Return details",
            "required": true,
            "type": "string",
            "format": ""
          }
        ]
      },
      "put": {
        "produces": [
          "application/json"
        ],
        "responses": {
          "200": {
            "description": "Success response"
          }
        },
        "parameters": [
          {
            "name": "api_key",
            "in": "query",
            "description": "",
            "required": true,
            "type": "string",
            "format": "",
            "default": "",
            "path": "/surveys/{survey_id}/pages/{page_id}",
            "method": "put"
          },
          {
            "name": "OAuth-Key",
            "in": "header",
            "description": "",
            "required": true,
            "type": "string",
            "format": "",
            "default": ""
          },
          {
            "name": "survey_id",
            "in": "path",
            "description": "Survey id for which to return a page’s details",
            "required": true,
            "type": "string",
            "format": ""
          },
          {
            "name": "page_id",
            "in": "path",
            "description": "Page Id for which to Return details",
            "required": true,
            "type": "string",
            "format": ""
          },
          {
            "name": "body",
            "in": "body",
            "description": "Replaces a page (same arguments and requirements as POST /surveys{id}/pages).provide page details with which you want to replace existing.",
            "schema": {
              "type": "string"
            }
          }
        ],
        "consumes": [
          "application/json"
        ]
      },
      "delete": {
        "produces": [
          "application/json"
        ],
        "responses": {
          "200": {
            "description": "Success response"
          }
        },
        "parameters": [
          {
            "name": "api_key",
            "in": "query",
            "description": "",
            "required": true,
            "type": "string",
            "format": "",
            "default": "",
            "path": "/surveys/{survey_id}/pages/{page_id}",
            "method": "delete"
          },
          {
            "name": "OAuth-Key",
            "in": "header",
            "description": "",
            "required": true,
            "type": "string",
            "format": "",
            "default": ""
          },
          {
            "name": "survey_id",
            "in": "path",
            "description": "Survey id for which to return a page’s details",
            "required": true,
            "type": "string",
            "format": ""
          },
          {
            "name": "page_id",
            "in": "path",
            "description": "Page Id for which to Return details",
            "required": true,
            "type": "string",
            "format": ""
          }
        ]
      }
    },
    "/surveys/{survey_id}/pages": {
      "get": {
        "produces": [
          "application/json"
        ],
        "responses": {
          "200": {
            "description": "Success response"
          }
        },
        "parameters": [
          {
            "name": "api_key",
            "in": "query",
            "description": "",
            "required": true,
            "type": "string",
            "format": "",
            "default": "",
            "path": "/surveys/{survey_id}/pages",
            "method": "get"
          },
          {
            "name": "page",
            "in": "query",
            "description": "Which page of resources to return. Defaults to 1",
            "required": false,
            "type": "integer",
            "format": "int32",
            "default": 1,
            "path": "/surveys/{survey_id}/pages",
            "method": "get"
          },
          {
            "name": "per_page",
            "in": "query",
            "description": "Number of resources to return per page",
            "required": false,
            "type": "integer",
            "format": "int32",
            "path": "/surveys/{survey_id}/pages",
            "method": "get"
          },
          {
            "name": "OAuth-Key",
            "in": "header",
            "description": "",
            "required": true,
            "type": "string",
            "format": "",
            "default": ""
          },
          {
            "name": "survey_id",
            "in": "path",
            "description": "",
            "required": true,
            "type": "string",
            "format": ""
          }
        ]
      },
      "post": {
        "produces": [
          "application/json"
        ],
        "responses": {
          "200": {
            "description": "Success response"
          }
        },
        "parameters": [
          {
            "name": "api_key",
            "in": "query",
            "description": "",
            "required": true,
            "type": "string",
            "format": "",
            "default": "",
            "path": "/surveys/{survey_id}/pages",
            "method": "post"
          },
          {
            "name": "OAuth-Key",
            "in": "header",
            "description": "",
            "required": true,
            "type": "string",
            "format": "",
            "default": ""
          },
          {
            "name": "body",
            "in": "body",
            "description": "Creates a new, empty page or with page details and questions",
            "schema": {
              "type": "string"
            }
          },
          {
            "in": "path",
            "description": "",
            "required": true,
            "type": "string",
            "format": "",
            "name": "survey_id"
          }
        ],
        "consumes": [
          "application/json"
        ]
      }
    },
    "/surveys/{survey_id}/pages/{page_id}/questions": {
      "get": {
        "produces": [
          "application/json"
        ],
        "responses": {
          "200": {
            "description": "Success response"
          }
        },
        "parameters": [
          {
            "name": "api_key",
            "in": "query",
            "description": "",
            "required": true,
            "type": "string",
            "format": "",
            "default": ""
          },
          {
            "name": "page",
            "in": "query",
            "description": "Which page of resources to return. Defaults to 1",
            "required": false,
            "type": "integer",
            "format": "int32",
            "default": 1
          },
          {
            "name": "per_page",
            "in": "query",
            "description": "Number of resources to return per page",
            "required": false,
            "type": "integer",
            "format": "int32"
          },
          {
            "name": "OAuth-Key",
            "in": "header",
            "description": "",
            "required": true,
            "type": "string",
            "format": "",
            "default": ""
          },
          {
            "name": "survey_id",
            "in": "path",
            "description": "Survey Id for which to Return a list of question",
            "required": true,
            "type": "string",
            "format": ""
          },
          {
            "name": "page_id",
            "in": "path",
            "description": "page id for which return a list of questions",
            "required": true,
            "type": "string",
            "format": ""
          }
        ]
      },
      "post": {
        "produces": [
          "application/json"
        ],
        "responses": {
          "200": {
            "description": "Success response"
          }
        },
        "parameters": [
          {
            "name": "api_key",
            "in": "query",
            "description": "",
            "required": true,
            "type": "string",
            "format": "",
            "default": "",
            "path": "/surveys/{survey_id}/pages/{page_id}/questions",
            "method": "post"
          },
          {
            "name": "OAuth-Key",
            "in": "header",
            "description": "",
            "required": true,
            "type": "string",
            "format": "",
            "default": ""
          },
          {
            "name": "survey_id",
            "in": "path",
            "description": "",
            "required": true,
            "type": "string",
            "format": ""
          },
          {
            "name": "page_id",
            "in": "path",
            "description": "",
            "required": true,
            "type": "string",
            "format": ""
          },
          {
            "name": "body",
            "in": "body",
            "description": "",
            "schema": {
              "type": "string"
            }
          }
        ],
        "consumes": [
          "application/json"
        ]
      }
    },
    "/surveys/{survey_id}/pages/{page_id}/questions/{question_id}": {
      "get": {
        "produces": [
          "application/json"
        ],
        "responses": {
          "200": {
            "description": "Success response"
          }
        },
        "parameters": [
          {
            "name": "api_key",
            "in": "query",
            "description": "",
            "required": true,
            "type": "string",
            "format": "",
            "default": ""
          },
          {
            "name": "OAuth-Key",
            "in": "header",
            "description": "",
            "required": true,
            "type": "string",
            "format": "",
            "default": ""
          },
          {
            "name": "survey_id",
            "in": "path",
            "description": "Survey id for which to return question",
            "required": true,
            "type": "string",
            "format": ""
          },
          {
            "name": "page_id",
            "in": "path",
            "description": "page id from which the question to return",
            "required": true,
            "type": "string",
            "format": ""
          },
          {
            "name": "question_id",
            "in": "path",
            "description": "question id of question to return",
            "required": true,
            "type": "string",
            "format": ""
          }
        ]
      },
      "put": {
        "produces": [
          "application/json"
        ],
        "responses": {
          "200": {
            "description": "Success response"
          }
        },
        "parameters": [
        	{
            "name": "api_key",
            "in": "query",
            "description": "",
            "required": true,
            "type": "string",
            "format": "",
            "default": ""
          },
          {
            "name": "OAuth-Key",
            "in": "header",
            "description": "",
            "required": true,
            "type": "string",
            "format": "",
            "default": ""
          },
          {
            "name": "survey_id",
            "in": "path",
            "description": "Survey id for which to return question",
            "required": true,
            "type": "string",
            "format": ""
          },
          {
            "name": "page_id",
            "in": "path",
            "description": "page id from which the question to return",
            "required": true,
            "type": "string",
            "format": ""
          },
          {
            "name": "question_id",
            "in": "path",
            "description": "question id of question to return",
            "required": true,
            "type": "string",
            "format": ""
          },
          {
            "name": "body",
            "in": "body",
            "description": "Replace a question (same arguments and requirements as POST /surveys/{id}/pages/questions).",
            "schema": {
              "type": "string"
            }
          }
        ],
        "consumes": [
          "application/json"
        ]
      },
      "delete": {
        "produces": [
          "application/json"
        ],
        "responses": {
          "200": {
            "description": "Success response"
          }
        },
        "parameters": [
          {
            "name": "api_key",
            "in": "query",
            "description": "",
            "required": true,
            "type": "string",
            "format": "",
            "default": ""
          },
          {
            "name": "OAuth-Key",
            "in": "header",
            "description": "",
            "required": true,
            "type": "string",
            "format": "",
            "default": ""
          },
          {
            "name": "survey_id",
            "in": "path",
            "description": "Survey id for which to return question",
            "required": true,
            "type": "string",
            "format": ""
          },
          {
            "name": "page_id",
            "in": "path",
            "description": "page id from which the question to return",
            "required": true,
            "type": "string",
            "format": ""
          },
          {
            "name": "question_id",
            "in": "path",
            "description": "question id of question to return",
            "required": true,
            "type": "string",
            "format": ""
          }
        ]
      }
    },
    "/surveys/{survey_id}/details": {
      "get": {
        "produces": [
          "application/json"
        ],
        "responses": {
          "200": {
            "description": "Success response"
          }
        },
        "parameters": [
          {
            "name": "api_key",
            "in": "query",
            "description": "",
            "required": true,
            "type": "string",
            "format": "",
            "default": ""
          },
          {
            "name": "OAuth-Key",
            "in": "header",
            "description": "",
            "required": true,
            "type": "string",
            "format": ""
          },
          {
            "name": "survey_id",
            "in": "path",
            "description": "survey id for which we want to Return an expanded resource with a pages element containing a list of all page objects, each containing a list of questions objects",
            "required": true,
            "type": "string",
            "format": ""
          }
        ]
      }
    }
  }
}