{
    "records": [{
        "name": "Cloud",
        "items": [{
            "localTimestamp": 1458773049000,
            "localURI": "/tibco.tci.samples.soapcurrencyconverter/Service Descriptors/CurrencyConverter_1.0.0.json",
            "disabled": false,
            "remoteTimestamp": 1458798220000,
            "localHash": "b1b9c87c2fd2d4e72e6cbcc4183570382055a40d",
            "remoteId": "22",
            "remoteHash": "b1b9c87c2fd2d4e72e6cbcc4183570382055a40d"
        }],
        "url": "https://integration.cloud.tibco.com:443"
    }],
    "resources": []
}