{
  "swagger": "2.0",
  "info": {
    "version": "1.0",
    "title": "MongoUtility.application"
  },
  "host": "dpatira-t430.apac.tibco.com:42532",
  "schemes": [
    "http"
  ],
  "consumes": [
    "application/json"
  ],
  "produces": [
    "application/json"
  ],
  "paths": {
    "/mongo/db/collection/{CollectionName}": {
      "get": {
        "tags": [
          "MongoCRUDService"
        ],
        "produces": [
          "application/json"
        ],
        "parameters": [
          {
            "name": "DatabaseName",
            "in": "header",
            "required": true,
            "type": "string"
          },
          {
            "name": "UserName",
            "in": "header",
            "required": true,
            "type": "string"
          },
          {
            "name": "CollectionName",
            "in": "path",
            "required": true,
            "type": "string"
          }
        ],
        "responses": {
          "200": {
            "description": "Sample Description",
            "schema": {
              "$ref": "#/definitions/Records"
            }
          }
        }
      },
      "post": {
        "tags": [
          "MongoCRUDService"
        ],
        "consumes": [
          "application/json"
        ],
        "produces": [
          "application/json"
        ],
        "parameters": [
          {
            "name": "DatabaseName",
            "in": "header",
            "required": true,
            "type": "string"
          },
          {
            "name": "UserName",
            "in": "header",
            "required": true,
            "type": "string"
          },
          {
            "name": "CollectionName",
            "in": "path",
            "required": true,
            "type": "string"
          },
          {
            "name": "operation",
            "in": "query",
            "required": true,
            "type": "string"
          },
          {
            "in": "body",
            "name": "PostInput",
            "description": "Sample Description",
            "required": true,
            "schema": {
              "$ref": "#/definitions/PostInput"
            }
          }
        ],
        "responses": {
          "200": {
            "description": "Sample Description"
          }
        }
      },
      "put": {
        "tags": [
          "MongoCRUDService"
        ],
        "consumes": [
          "application/json"
        ],
        "produces": [
          "application/json"
        ],
        "parameters": [
          {
            "name": "DatabaseName",
            "in": "header",
            "required": true,
            "type": "string"
          },
          {
            "name": "UserName",
            "in": "header",
            "required": true,
            "type": "string"
          },
          {
            "name": "CollectionName",
            "in": "path",
            "required": true,
            "type": "string"
          },
          {
            "in": "body",
            "name": "PutInput",
            "description": "Sample Description",
            "required": true,
            "schema": {
              "$ref": "#/definitions/PutInput"
            }
          }
        ],
        "responses": {
          "200": {
            "description": "Sample Description"
          }
        }
      }
    }
  },
  "definitions": {
    "PostInput": {
      "required": [
        "filter"
      ],
      "properties": {
        "filter": {
          "type": "string"
        },
        "update": {
          "type": "string"
        }
      }
    },
    "Records": {
      "properties": {
        "Record": {
          "type": "array",
          "items": {
            "type": "string"
          }
        }
      }
    },
    "PutInput": {
      "required": [
        "record"
      ],
      "properties": {
        "record": {
          "type": "string"
        }
      }
    }
  }
}