{
    "records": [{
        "name": "Cloud",
        "items": [{
            "localTimestamp": 1472049109005,
            "localURI": "/ElasticConnector.module/Service Descriptors/Elastic Cloud Connector_1.0.json",
            "disabled": false,
            "remoteTimestamp": 1472029182000,
            "localHash": "c4ce416c8aba72d32d8cbcee5086a197bc27a4b8",
            "remoteId": "8",
            "remoteHash": "c4ce416c8aba72d32d8cbcee5086a197bc27a4b8"
        }],
        "url": "https://integration.cloud.tibco.com:443"
    }],
    "resources": [{
        "location": "Service Descriptors/GetUnitTestResults.json",
        "type": "generated"
    }]
}