{
  "swagger" : "2.0",
  "info" : {
    "version" : "1.0",
    "title" : "Access and update a .conf configuration file.",
    "description" : "Access and update a .conf configuration file."
  },
  "host" : "localhost:8080",
  "basePath" : "/",
  "schemes" : [ "http" ],
  "paths" : {
    "/properties/{file}/{stanza}/{key}" : {
      "get" : {
        "description" : "",
        "operationId" : "get-properties",
        "consumes" : [ "application/json" ],
        "produces" : [ "application/json" ],
        "parameters" : [ {
          "name" : "file",
          "in" : "path",
          "description" : "",
          "type" : "string",
          "required" : true
        }, {
          "name" : "stanza",
          "in" : "path",
          "description" : "",
          "type" : "string",
          "required" : true
        }, {
          "name" : "key",
          "in" : "path",
          "description" : "",
          "type" : "string",
          "required" : true
        } ],
        "responses" : {
          "200" : {
            "description" : "a string to be returned",
            "schema" : {
              "type" : "string"
            }
          }
        }
      }
    },
    "/properties/{file}" : {
      "post" : {
        "description" : "Add stanza to {file} configuration file.",
        "operationId" : "post-properties",
        "consumes" : [ "application/x-www-form-urlencoded" ],
        "produces" : [ "application/xml" ],
        "parameters" : [ {
          "name" : "__conf",
          "in" : "formData",
          "description" : "",
          "type" : "string",
          "required" : true
        }, {
          "name" : "file",
          "in" : "path",
          "description" : "",
          "type" : "string",
          "required" : true
        } ],
        "responses" : {
          "200" : {
            "description" : "a string to be returned",
            "schema" : {
              "type" : "string"
            }
          }
        }
      },
      "get" : {
        "description" : " Add stanza to {file} configuration file.",
        "operationId" : "get-properties",
        "consumes" : [ "application/json" ],
        "produces" : [ "application/xml" ],
        "parameters" : [ {
          "name" : "file",
          "in" : "path",
          "description" : "",
          "type" : "string",
          "required" : true
        } ],
        "responses" : {
          "200" : {
            "description" : "a string to be returned",
            "schema" : {
              "type" : "string"
            }
          }
        }
      }
    },
    "/properties/{file}/{stanza}" : {
      "get" : {
        "description" : "List {stanza} key/value pair(s) of {file} configuration file.",
        "operationId" : "get-properties",
        "consumes" : [ "application/json" ],
        "produces" : [ "application/xml" ],
        "parameters" : [ {
          "name" : "file",
          "in" : "path",
          "description" : "",
          "type" : "string",
          "required" : true
        }, {
          "name" : "stanza",
          "in" : "path",
          "description" : "",
          "type" : "string",
          "required" : true
        } ],
        "responses" : {
          "200" : {
            "description" : "a string to be returned",
            "schema" : {
              "type" : "string"
            }
          }
        }
      }
    },
    "/properties" : {
      "post" : {
        "description" : "Create a configuration file.",
        "operationId" : "post-properties",
        "consumes" : [ "application/x-www-form-urlencoded" ],
        "produces" : [ "application/xml" ],
        "parameters" : [ {
          "name" : "__conf",
          "in" : "formData",
          "description" : "",
          "type" : "string",
          "required" : true
        } ],
        "responses" : {
          "200" : {
            "description" : "a string to be returned",
            "schema" : {
              "type" : "string"
            }
          }
        }
      },
      "get" : {
        "description" : "List all system and app configuration files.",
        "operationId" : "get-properties",
        "consumes" : [ "application/json" ],
        "produces" : [ "application/xml" ],
        "parameters" : [ ],
        "responses" : {
          "200" : {
            "description" : "a string to be returned",
            "schema" : {
              "type" : "string"
            }
          }
        }
      }
    },
    "/configs/conf-{file}" : {
      "post" : {
        "description" : "Add stanza to {file} configuration file.\n\nNamespace determines which instance of the file is updated.",
        "operationId" : "post-configs-conf-file",
        "consumes" : [ "application/x-www-form-urlencoded" ],
        "produces" : [ "application/xml" ],
        "parameters" : [ {
          "name" : "file",
          "in" : "path",
          "description" : "",
          "type" : "string",
          "required" : true
        }, {
          "name" : "name",
          "in" : "formData",
          "description" : "",
          "type" : "string",
          "required" : true
        } ],
        "responses" : {
          "200" : {
            "description" : "a string to be returned",
            "schema" : {
              "type" : "string"
            }
          }
        }
      },
      "get" : {
        "description" : "List {file} configuration file stanzas.",
        "operationId" : "get-configs-conf-file",
        "consumes" : [ "application/json" ],
        "produces" : [ "application/xml" ],
        "parameters" : [ {
          "name" : "file",
          "in" : "path",
          "description" : "",
          "type" : "string",
          "required" : true
        } ],
        "responses" : {
          "200" : {
            "description" : "a string to be returned",
            "schema" : {
              "type" : "string"
            }
          }
        }
      }
    },
    "/services/configs/conf-{file}/{stanza}" : {
      "post" : {
        "description" : "Update or add property to {stanza} in {file} configuration file.",
        "operationId" : "post-services-configs-conf-file",
        "consumes" : [ "application/x-www-form-urlencoded" ],
        "produces" : [ "application/xml" ],
        "parameters" : [ {
          "name" : "file",
          "in" : "path",
          "description" : "",
          "type" : "string",
          "required" : true
        }, {
          "name" : "stanza",
          "in" : "path",
          "description" : "",
          "type" : "string",
          "required" : true
        } ],
        "responses" : {
          "200" : {
            "description" : "a string to be returned",
            "schema" : {
              "type" : "string"
            }
          }
        }
      },
      "get" : {
        "description" : "Get {stanza} in {file} configuration file.",
        "operationId" : "get-services-configs-conf-file",
        "consumes" : [ "application/json" ],
        "produces" : [ "application/xml" ],
        "parameters" : [ {
          "name" : "file",
          "in" : "path",
          "description" : "",
          "type" : "string",
          "required" : true
        }, {
          "name" : "stanza",
          "in" : "path",
          "description" : "",
          "type" : "string",
          "required" : true
        } ],
        "responses" : {
          "200" : {
            "description" : "a string to be returned",
            "schema" : {
              "type" : "string"
            }
          }
        }
      },
      "delete" : {
        "description" : "Delete {stanza} in {file} configuration file.",
        "operationId" : "delete-services-configs-conf-file",
        "consumes" : [ "application/json" ],
        "produces" : [ "application/xml" ],
        "parameters" : [ {
          "name" : "file",
          "in" : "path",
          "description" : "",
          "type" : "string",
          "required" : true
        }, {
          "name" : "stanza",
          "in" : "path",
          "description" : "",
          "type" : "string",
          "required" : true
        } ],
        "responses" : {
          "200" : {
            "description" : "a string to be returned",
            "schema" : {
              "type" : "string"
            }
          }
        }
      }
    }
  },
  "definitions" : { }
}