{
    "records": [{
        "name": "Cloud",
        "items": [
            {
                "localTimestamp": 1471851989862,
                "localURI": "/SurveyMonkeyApiConnector.module/Service Descriptors/surveys/Surveys_Pages_Questions_1.0.json",
                "disabled": false,
                "remoteTimestamp": 1471420349000,
                "localHash": "f43d4592ab107454696fd9524193f7dfd1511e81",
                "remoteId": "5",
                "remoteHash": "f43d4592ab107454696fd9524193f7dfd1511e81"
            },
            {
                "localTimestamp": 1471976283021,
                "localURI": "/SurveyMonkeyApiConnector.module/Service Descriptors/collectors/Collectors_1.3.json",
                "disabled": false,
                "remoteTimestamp": 1471956296000,
                "localHash": "9cf3acbb353bc322bbaa5477d58184a4b8dc3f4f",
                "remoteId": "13",
                "remoteHash": "9cf3acbb353bc322bbaa5477d58184a4b8dc3f4f"
            },
            {
                "localTimestamp": 1472024781793,
                "localURI": "/SurveyMonkeyApiConnector.module/Service Descriptors/contacts/contacts_contactLists_1.4.json",
                "disabled": false,
                "remoteTimestamp": 1471952424000,
                "localHash": "f3562bc97ef1a01ddd9da03175cdefa192c3f73d",
                "remoteId": "8",
                "remoteHash": "f3562bc97ef1a01ddd9da03175cdefa192c3f73d"
            },
            {
                "localTimestamp": 1472023933569,
                "localURI": "/SurveyMonkeyApiConnector.module/Service Descriptors/contacts_contact_list/contacts_contactLists_1.4.json",
                "disabled": false,
                "remoteTimestamp": 1471952424000,
                "localHash": "f3562bc97ef1a01ddd9da03175cdefa192c3f73d",
                "remoteId": "8",
                "remoteHash": "f3562bc97ef1a01ddd9da03175cdefa192c3f73d"
            },
            {
                "localTimestamp": 1472135182450,
                "localURI": "/SurveyMonkeyApiConnector.module/Service Descriptors/authentication/OAuth_1.0.json",
                "disabled": false,
                "remoteTimestamp": 1471754161000,
                "localHash": "e10b45b84f7392856f3c6c8f7e5f2c872036a913",
                "remoteId": "9",
                "remoteHash": "e10b45b84f7392856f3c6c8f7e5f2c872036a913"
            },
            {
                "localTimestamp": 1472208265135,
                "localURI": "/SurveyMonkeyApiConnector.module/Service Descriptors/surveyResponses/surveyResponses_1.6.json",
                "disabled": false,
                "remoteTimestamp": 1472187691000,
                "localHash": "806cc23d905887d2104bd714db7227115903507c",
                "remoteId": "6",
                "remoteHash": "806cc23d905887d2104bd714db7227115903507c"
            },
            {
                "localTimestamp": 1472219147580,
                "localURI": "/SurveyMonkeyApiConnector.module/Service Descriptors/collectors/Survey_Collector_1.8.json",
                "disabled": false,
                "remoteTimestamp": 1472199212000,
                "localHash": "18fbc97f4da25a7b4bb6eca01994a1ce3372bcce",
                "remoteId": "14",
                "remoteHash": "18fbc97f4da25a7b4bb6eca01994a1ce3372bcce"
            },
            {
                "localTimestamp": 1472221862316,
                "localURI": "/SurveyMonkeyApiConnector.module/Service Descriptors/benchmark/benchmark_survey_1.11.json",
                "disabled": false,
                "remoteTimestamp": 1472201937000,
                "localHash": "9780b89815e8ee436864dba94bf0fab79b3272a7",
                "remoteId": "12",
                "remoteHash": "9780b89815e8ee436864dba94bf0fab79b3272a7"
            }
        ],
        "url": "https://integration.cloud.tibco.com:443"
    }],
    "resources": []
}