{
    "records": [{
        "name": "Cloud",
        "items": [{
            "localTimestamp": 1472235751705,
            "localURI": "/YammerConnector.module/Service Descriptors/Yammer Connector_1.0.json",
            "disabled": false,
            "remoteTimestamp": 1472215175000,
            "localHash": "c716489798850ef3e15783801561ec3121f56a8b",
            "remoteId": "4",
            "remoteHash": "c716489798850ef3e15783801561ec3121f56a8b"
        }],
        "url": "https://integration.cloud.tibco.com:443"
    }],
    "resources": []
}