{
    "records": [{
        "name": "Cloud",
        "items": [{
            "localTimestamp": 1471428846487,
            "localURI": "/SlackConnector/Service Descriptors/SlackConnector_1.0.json",
            "disabled": false,
            "remoteTimestamp": 1471408575000,
            "localHash": "2351c679a31344cb33a94d5ddb349c4ba61ea371",
            "remoteId": "8",
            "remoteHash": "2351c679a31344cb33a94d5ddb349c4ba61ea371"
        }],
        "url": "https://integration.cloud.tibco.com:443"
    }],
    "resources": []
}