{
    "records": [{
        "name": "Cloud",
        "items": [],
        "url": "https://integration.cloud.tibco.com:443"
    }],
    "resources": [
        {
            "location": "Service Descriptors/com.tibco.aws.sqs.connector.RESTService.SQSQueuesService-Queues.json",
            "type": "generated"
        },
        {
            "location": "Service Descriptors/com.tibco.aws.sqs.connector.RESTService.SQSQueueService-Queue.json",
            "type": "generated"
        },
        {
            "location": "Service Descriptors/com.tibco.aws.sqs.connector.RESTService.SQSQueueMessageService-QueueMessage.json",
            "type": "generated"
        },
        {
            "location": "Service Descriptors/com.tibco.aws.sqs.connector.RESTService.SQSQueueAttributesService-QueueAttributes.json",
            "type": "generated"
        },
        {
            "location": "Service Descriptors/com.tibco.aws.sqs.connector.RESTService.SQSQueuePermissionService-QueuePermission.json",
            "type": "generated"
        },
        {
            "location": "Service Descriptors/com.tibco.aws.sqs.connector.RESTService.SQSQueueMessagesService-QueueMessages.json",
            "type": "generated"
        },
        {
            "location": "Service Descriptors/com.tibco.aws.sqs.connector.RESTService.SQSQueueMessageVisibilityService-QueueMessageVisibility.json",
            "type": "generated"
        },
        {
            "location": "Service Descriptors/com.tibco.aws.sqs.connector.RESTService.SQSDeadLetterSourceQueuesService-DeadLetterSourceQueues.json",
            "type": "generated"
        }
    ]
}