{"records": [
    {
        "jsonSchemaLocation": "/com.tibco.aws.sqs.RESTService/Service Descriptors/com.tibco.aws.sqs.connector.RESTService.SQSQueuesService-Queues.json",
        "conversionType": "linked",
        "xsdSchemaTargetNamespace": "http://www.sqsconnector.tibco.com/ListQueues"
    },
    {
        "jsonSchemaLocation": "/com.tibco.aws.sqs.RESTService/Service Descriptors/com.tibco.aws.sqs.connector.RESTService.SQSQueuesService-Queues.json",
        "conversionType": "linked",
        "xsdSchemaTargetNamespace": "http://xmlns.example.com/Queues/parameters"
    },
    {
        "jsonSchemaLocation": "/com.tibco.aws.sqs.RESTService/Service Descriptors/com.tibco.aws.sqs.connector.RESTService.SQSQueueService-Queue.json",
        "conversionType": "linked",
        "xsdSchemaTargetNamespace": "http://www.sqsconnector.tibco.com/CreateQueue"
    },
    {
        "jsonSchemaLocation": "/com.tibco.aws.sqs.RESTService/Service Descriptors/com.tibco.aws.sqs.connector.RESTService.SQSQueueService-Queue.json",
        "conversionType": "linked",
        "xsdSchemaTargetNamespace": "http://www.sqsconnector.tibco.com/GetQueueUrl"
    },
    {
        "jsonSchemaLocation": "/com.tibco.aws.sqs.RESTService/Service Descriptors/com.tibco.aws.sqs.connector.RESTService.SQSQueueService-Queue.json",
        "conversionType": "linked",
        "xsdSchemaTargetNamespace": "http://www.sqsconnector.tibco.com/DeleteQueue"
    },
    {
        "jsonSchemaLocation": "/com.tibco.aws.sqs.RESTService/Service Descriptors/com.tibco.aws.sqs.connector.RESTService.SQSQueueService-Queue.json",
        "conversionType": "linked",
        "xsdSchemaTargetNamespace": "http://xmlns.example.com/Queue/parameters"
    },
    {
        "jsonSchemaLocation": "/com.tibco.aws.sqs.RESTService/Service Descriptors/com.tibco.aws.sqs.connector.RESTService.SQSQueueMessageService-QueueMessage.json",
        "conversionType": "linked",
        "xsdSchemaTargetNamespace": "http://www.sqsconnector.tibco.com/SendMessage"
    },
    {
        "jsonSchemaLocation": "/com.tibco.aws.sqs.RESTService/Service Descriptors/com.tibco.aws.sqs.connector.RESTService.SQSQueueMessageService-QueueMessage.json",
        "conversionType": "linked",
        "xsdSchemaTargetNamespace": "http://www.sqsconnector.tibco.com/ReceiveMessage"
    },
    {
        "jsonSchemaLocation": "/com.tibco.aws.sqs.RESTService/Service Descriptors/com.tibco.aws.sqs.connector.RESTService.SQSQueueMessageService-QueueMessage.json",
        "conversionType": "linked",
        "xsdSchemaTargetNamespace": "http://www.sqsconnector.tibco.com/DeleteMessage"
    },
    {
        "jsonSchemaLocation": "/com.tibco.aws.sqs.RESTService/Service Descriptors/com.tibco.aws.sqs.connector.RESTService.SQSQueueMessageService-QueueMessage.json",
        "conversionType": "linked",
        "xsdSchemaTargetNamespace": "http://xmlns.example.com/QueueMessage/parameters"
    },
    {
        "jsonSchemaLocation": "/com.tibco.aws.sqs.RESTService/Service Descriptors/com.tibco.aws.sqs.connector.RESTService.SQSQueueAttributesService-QueueAttributes.json",
        "conversionType": "linked",
        "xsdSchemaTargetNamespace": "http://www.sqsconnector.tibco.com/GetQueueAttributes"
    },
    {
        "jsonSchemaLocation": "/com.tibco.aws.sqs.RESTService/Service Descriptors/com.tibco.aws.sqs.connector.RESTService.SQSQueueAttributesService-QueueAttributes.json",
        "conversionType": "linked",
        "xsdSchemaTargetNamespace": "http://www.sqsconnector.tibco.com/SetQueueAttributes"
    },
    {
        "jsonSchemaLocation": "/com.tibco.aws.sqs.RESTService/Service Descriptors/com.tibco.aws.sqs.connector.RESTService.SQSQueueAttributesService-QueueAttributes.json",
        "conversionType": "linked",
        "xsdSchemaTargetNamespace": "http://xmlns.example.com/QueueAttributes/parameters"
    },
    {
        "jsonSchemaLocation": "/com.tibco.aws.sqs.RESTService/Service Descriptors/com.tibco.aws.sqs.connector.RESTService.SQSQueuePermissionService-QueuePermission.json",
        "conversionType": "linked",
        "xsdSchemaTargetNamespace": "http://www.sqsconnector.tibco.com/AddPermission"
    },
    {
        "jsonSchemaLocation": "/com.tibco.aws.sqs.RESTService/Service Descriptors/com.tibco.aws.sqs.connector.RESTService.SQSQueuePermissionService-QueuePermission.json",
        "conversionType": "linked",
        "xsdSchemaTargetNamespace": "http://www.sqsconnector.tibco.com/RemovePermission"
    },
    {
        "jsonSchemaLocation": "/com.tibco.aws.sqs.RESTService/Service Descriptors/com.tibco.aws.sqs.connector.RESTService.SQSQueuePermissionService-QueuePermission.json",
        "conversionType": "linked",
        "xsdSchemaTargetNamespace": "http://xmlns.example.com/QueuePermission/parameters"
    },
    {
        "jsonSchemaLocation": "/com.tibco.aws.sqs.RESTService/Service Descriptors/com.tibco.aws.sqs.connector.RESTService.SQSQueueMessagesService-QueueMessages.json",
        "conversionType": "linked",
        "xsdSchemaTargetNamespace": "http://www.sqsconnector.tibco.com/PurgeQueue"
    },
    {
        "jsonSchemaLocation": "/com.tibco.aws.sqs.RESTService/Service Descriptors/com.tibco.aws.sqs.connector.RESTService.SQSQueueMessagesService-QueueMessages.json",
        "conversionType": "linked",
        "xsdSchemaTargetNamespace": "http://xmlns.example.com/QueueMessages/parameters"
    },
    {
        "jsonSchemaLocation": "/com.tibco.aws.sqs.RESTService/Service Descriptors/com.tibco.aws.sqs.connector.RESTService.SQSQueueMessageVisibilityService-QueueMessageVisibility.json",
        "conversionType": "linked",
        "xsdSchemaTargetNamespace": "http://www.sqsconnector.tibco.com/ChangeMessageVisibility"
    },
    {
        "jsonSchemaLocation": "/com.tibco.aws.sqs.RESTService/Service Descriptors/com.tibco.aws.sqs.connector.RESTService.SQSQueueMessageVisibilityService-QueueMessageVisibility.json",
        "conversionType": "linked",
        "xsdSchemaTargetNamespace": "http://xmlns.example.com/QueueMessageVisibility/parameters"
    },
    {
        "jsonSchemaLocation": "/com.tibco.aws.sqs.RESTService/Service Descriptors/com.tibco.aws.sqs.connector.RESTService.SQSDeadLetterSourceQueuesService-DeadLetterSourceQueues.json",
        "conversionType": "linked",
        "xsdSchemaTargetNamespace": "http://www.sqsconnector.tibco.com/ListDeadLetterSourceQueues"
    },
    {
        "jsonSchemaLocation": "/com.tibco.aws.sqs.RESTService/Service Descriptors/com.tibco.aws.sqs.connector.RESTService.SQSDeadLetterSourceQueuesService-DeadLetterSourceQueues.json",
        "conversionType": "linked",
        "xsdSchemaTargetNamespace": "http://xmlns.example.com/DeadLetterSourceQueues/parameters"
    }
]}