{
    "records": [{
        "name": "Cloud",
        "items": [
            {
                "localTimestamp": 1471411484462,
                "localURI": "/GoogleAPISuite.module/Service Descriptors/GoogleOAuth_1.0.0.json",
                "disabled": false,
                "remoteTimestamp": 1471391065000,
                "localHash": "8b12c02bd70c2e2c262619c08b3ac0077bb2878d",
                "remoteId": "5",
                "remoteHash": "8b12c02bd70c2e2c262619c08b3ac0077bb2878d"
            },
            {
                "localTimestamp": 1471449401105,
                "localURI": "/GoogleAPISuite.module/Service Descriptors/GoogleDriveAPI_1.0.0.json",
                "disabled": false,
                "remoteTimestamp": 1471429460000,
                "localHash": "f2f223d3db7f4a8795f5a60abf14c1dd577c4bf3",
                "remoteId": "7",
                "remoteHash": "f2f223d3db7f4a8795f5a60abf14c1dd577c4bf3"
            },
            {
                "localTimestamp": 1470978858617,
                "localURI": "/GoogleAPISuite.module/Service Descriptors/GooglePlusAPI_1.0.0.json",
                "disabled": false,
                "remoteTimestamp": 1470905908000,
                "localHash": "5ef9e923c72f871d5e72b33122be81fa8280164a",
                "remoteId": "6",
                "remoteHash": "5ef9e923c72f871d5e72b33122be81fa8280164a"
            },
            {
                "localTimestamp": 1471325246052,
                "localURI": "/GoogleAPISuite.module/Service Descriptors/GoogleCalendarAPI_1.0.0.json",
                "disabled": false,
                "remoteTimestamp": 1470973460000,
                "localHash": "5013c8494a5d80d7e7df5475eb617d7dc90b4d52",
                "remoteId": "9",
                "remoteHash": "5013c8494a5d80d7e7df5475eb617d7dc90b4d52"
            },
            {
                "localTimestamp": 1471356050381,
                "localURI": "/GoogleAPISuite.module/Service Descriptors/GmailAPI_1.0.0.json",
                "disabled": false,
                "remoteTimestamp": 1471336172000,
                "localHash": "1dc32c0fb961a1cae34a008739a5256d919210bb",
                "remoteId": "10",
                "remoteHash": "1dc32c0fb961a1cae34a008739a5256d919210bb"
            },
            {
                "localTimestamp": 1471441951379,
                "localURI": "/GoogleAPISuite.module/Service Descriptors/GoogleMapsAPI_1.0.1.json",
                "disabled": false,
                "remoteTimestamp": 1471422012000,
                "localHash": "77d634653bb35592d71d629978cea453c6c930fb",
                "remoteId": "14",
                "remoteHash": "77d634653bb35592d71d629978cea453c6c930fb"
            }
        ],
        "url": "https://integration.cloud.tibco.com:443"
    }],
    "resources": []
}