<?xml version="1.0" encoding="ASCII"?>
<annox:class xmlns:annox="http://annox.dev.java.net" xmlns:jaxb="http://annox.dev.java.net/javax.xml.bind.annotation" name="AddPermissionRequest">
  <jaxb:XmlAccessorType value="NONE"/>
  <jaxb:XmlType name="AddPermissionRequestType" propOrder="aWSAccountIds actionNames label topicArn "/>
  <jaxb:XmlRootElement name="AddPermissionRequest" namespace="www.tibco.com/plugin/java/xmlSchema/com.amazonaws.services.sns.model.AddPermissionRequest"/>
  <annox:field name="aWSAccountIds">
    <jaxb:XmlElement name="AWSAccountIds" namespace="www.tibco.com/plugin/java/xmlSchema/com.amazonaws.services.sns.model.AddPermissionRequest"/>
  </annox:field>
  <annox:field name="actionNames">
    <jaxb:XmlElement name="ActionNames" namespace="www.tibco.com/plugin/java/xmlSchema/com.amazonaws.services.sns.model.AddPermissionRequest"/>
  </annox:field>
  <annox:field name="label">
    <jaxb:XmlElement name="Label" namespace="www.tibco.com/plugin/java/xmlSchema/com.amazonaws.services.sns.model.AddPermissionRequest"/>
  </annox:field>
  <annox:field name="topicArn">
    <jaxb:XmlElement name="TopicArn" namespace="www.tibco.com/plugin/java/xmlSchema/com.amazonaws.services.sns.model.AddPermissionRequest"/>
  </annox:field>
</annox:class>