{
  "swagger" : "2.0",
  "info" : {
    "version" : "1.0",
    "title" : "Provides information about the volume (logical drives) in use by Splunk Enterprise.",
    "description" : "Provides information about the volume (logical drives) in use by Splunk Enterprise."
  },
  "host" : "localhost:8080",
  "basePath" : "/",
  "schemes" : [ "http" ],
  "paths" : {
    "/data/summaries" : {
      "get" : {
        "description" : "Gets current disk usage information for each summary in the indexer.",
        "operationId" : "get-data-summaries",
        "consumes" : [ "application/json" ],
        "produces" : [ "application/xml" ],
        "parameters" : [ {
          "name" : "data_model_acceleration",
          "in" : "query",
          "description" : "",
          "type" : "integer",
          "format" : "int32",
          "required" : false
        }, {
          "name" : "report_acceleration",
          "in" : "query",
          "description" : "",
          "type" : "integer",
          "format" : "int32",
          "required" : false
        } ],
        "responses" : {
          "200" : {
            "description" : "a string to be returned",
            "schema" : {
              "type" : "string"
            }
          }
        }
      }
    },
    "/data/indexes-extended/{name}" : {
      "get" : {
        "description" : "List bucket attributes for the specified index.",
        "operationId" : "get-data-indexes-extended",
        "consumes" : [ "application/json" ],
        "produces" : [ "application/xml" ],
        "parameters" : [ {
          "name" : "name",
          "in" : "path",
          "description" : "",
          "type" : "string",
          "required" : true
        } ],
        "responses" : {
          "200" : {
            "description" : "a string to be returned",
            "schema" : {
              "type" : "string"
            }
          }
        }
      }
    },
    "/server/introspection/kvstore" : {
      "get" : {
        "description" : "List app KV store resources.",
        "operationId" : "get-server-introspection-kvstore",
        "consumes" : [ "application/json" ],
        "produces" : [ "application/xml" ],
        "parameters" : [ ],
        "responses" : {
          "200" : {
            "description" : "a string to be returned",
            "schema" : {
              "type" : "string"
            }
          }
        }
      }
    },
    "/data/summaries/{summary_name}" : {
      "get" : {
        "description" : "Gets current disk usage information for one summary in the indexer.",
        "operationId" : "get-data-summaries",
        "consumes" : [ "application/json" ],
        "produces" : [ "application/xml" ],
        "parameters" : [ {
          "name" : "summary_name",
          "in" : "path",
          "description" : "",
          "type" : "string",
          "required" : true
        } ],
        "responses" : {
          "200" : {
            "description" : "a string to be returned",
            "schema" : {
              "type" : "string"
            }
          }
        }
      }
    },
    "/server/introspection" : {
      "get" : {
        "description" : "List introspection resources.",
        "operationId" : "get-server-introspection",
        "consumes" : [ "application/json" ],
        "produces" : [ "application/xml" ],
        "parameters" : [ ],
        "responses" : {
          "200" : {
            "description" : "a string to be returned",
            "schema" : {
              "type" : "string"
            }
          }
        }
      }
    },
    "/server/introspection/kvstore/serverstatus" : {
      "get" : {
        "description" : "Get an overview of the database process state.",
        "operationId" : "get-server-introspection-kvstore-serverstatus",
        "consumes" : [ "application/json" ],
        "produces" : [ "application/xml" ],
        "parameters" : [ ],
        "responses" : {
          "200" : {
            "description" : "a string to be returned",
            "schema" : {
              "type" : "string"
            }
          }
        }
      }
    },
    "/data/indexes-extended" : {
      "get" : {
        "description" : "List bucket attributes for all indices.",
        "operationId" : "get-data-indexes-extended",
        "consumes" : [ "application/json" ],
        "produces" : [ "application/xml" ],
        "parameters" : [ ],
        "responses" : {
          "200" : {
            "description" : "a string to be returned",
            "schema" : {
              "type" : "string"
            }
          }
        }
      }
    },
    "/data/index-volumes/{name}" : {
      "get" : {
        "description" : "",
        "operationId" : "get-data-index-volumes",
        "consumes" : [ "application/json" ],
        "produces" : [ "application/xml" ],
        "parameters" : [ {
          "name" : "name",
          "in" : "path",
          "description" : "",
          "type" : "string",
          "required" : true
        } ],
        "responses" : {
          "200" : {
            "description" : "a string to be returned",
            "schema" : {
              "type" : "string"
            }
          }
        }
      }
    },
    "/server/introspection/kvstore/replicasetstats" : {
      "get" : {
        "description" : "Get the status of the replica set from the point of view of the current server.",
        "operationId" : "get-server-introspection-kvstore-replicasetstats",
        "consumes" : [ "application/json" ],
        "produces" : [ "application/xml" ],
        "parameters" : [ ],
        "responses" : {
          "200" : {
            "description" : "a string to be returned",
            "schema" : {
              "type" : "string"
            }
          }
        }
      }
    },
    "/server/introspection/search/dispatch/Search_StartUp_Time" : {
      "get" : {
        "description" : "Enumerate average and maximum time for search preprocessing before startup.",
        "operationId" : "get-server-introspection-search-dispatch-Search_StartUp_Time",
        "consumes" : [ "application/json" ],
        "produces" : [ "application/xml" ],
        "parameters" : [ ],
        "responses" : {
          "200" : {
            "description" : "a string to be returned",
            "schema" : {
              "type" : "string"
            }
          }
        }
      }
    },
    "/data/indexes" : {
      "post" : {
        "description" : "Creates a new index with the given name.",
        "operationId" : "post-data-indexes",
        "consumes" : [ "application/x-www-form-urlencoded" ],
        "produces" : [ "application/xml" ],
        "parameters" : [ {
          "name" : "minRawFileSyncSecs",
          "in" : "formData",
          "description" : "",
          "type" : "integer",
          "format" : "int32",
          "required" : false
        }, {
          "name" : "rotatePeriodInSecs",
          "in" : "formData",
          "description" : "",
          "type" : "integer",
          "format" : "int32",
          "required" : false
        }, {
          "name" : "maxTotalDataSizeMB",
          "in" : "formData",
          "description" : "",
          "type" : "integer",
          "format" : "int32",
          "required" : false
        }, {
          "name" : "syncMeta",
          "in" : "formData",
          "description" : "",
          "type" : "boolean",
          "required" : false
        }, {
          "name" : "maxBloomBackfillBucketAge",
          "in" : "formData",
          "description" : "",
          "type" : "integer",
          "format" : "int32",
          "required" : false
        }, {
          "name" : "maxTimeUnreplicatedWithAcks",
          "in" : "formData",
          "description" : "",
          "type" : "integer",
          "format" : "int32",
          "required" : false
        }, {
          "name" : "processTrackerServiceInterval",
          "in" : "formData",
          "description" : "",
          "type" : "integer",
          "format" : "int32",
          "required" : false
        }, {
          "name" : "partialServiceMetaPeriod",
          "in" : "formData",
          "description" : "",
          "type" : "integer",
          "format" : "int32",
          "required" : false
        }, {
          "name" : "maxDataSize",
          "in" : "formData",
          "description" : "",
          "type" : "integer",
          "format" : "int32",
          "required" : false
        }, {
          "name" : "maxMetaEntries",
          "in" : "formData",
          "description" : "",
          "type" : "integer",
          "format" : "int32",
          "required" : false
        }, {
          "name" : "rawChunkSizeBytes",
          "in" : "formData",
          "description" : "",
          "type" : "integer",
          "format" : "int32",
          "required" : false
        }, {
          "name" : "tstatsHomePath",
          "in" : "formData",
          "description" : "",
          "type" : "string",
          "required" : false
        }, {
          "name" : "repFactor",
          "in" : "formData",
          "description" : "",
          "type" : "string",
          "required" : false
        }, {
          "name" : "maxHotBuckets",
          "in" : "formData",
          "description" : "",
          "type" : "integer",
          "format" : "int32",
          "required" : false
        }, {
          "name" : "minStreamGroupQueueSize",
          "in" : "formData",
          "description" : "",
          "type" : "string",
          "required" : false
        }, {
          "name" : "quarantinePastSecs",
          "in" : "formData",
          "description" : "",
          "type" : "integer",
          "format" : "int32",
          "required" : false
        }, {
          "name" : "maxTimeUnreplicatedNoAcks",
          "in" : "formData",
          "description" : "",
          "type" : "integer",
          "format" : "int32",
          "required" : false
        }, {
          "name" : "coldToFrozenDir",
          "in" : "formData",
          "description" : "",
          "type" : "string",
          "required" : false
        }, {
          "name" : "quarantineFutureSecs",
          "in" : "formData",
          "description" : "",
          "type" : "integer",
          "format" : "int32",
          "required" : false
        }, {
          "name" : "warmToColdScript",
          "in" : "formData",
          "description" : "",
          "type" : "string",
          "required" : false
        }, {
          "name" : "maxConcurrentOptimizes",
          "in" : "formData",
          "description" : "",
          "type" : "integer",
          "format" : "int32",
          "required" : false
        }, {
          "name" : "serviceMetaPeriod",
          "in" : "formData",
          "description" : "",
          "type" : "integer",
          "format" : "int32",
          "required" : false
        }, {
          "name" : "thawedPath",
          "in" : "formData",
          "description" : "",
          "type" : "string",
          "required" : false
        }, {
          "name" : "maxWarmDBCount",
          "in" : "formData",
          "description" : "",
          "type" : "integer",
          "format" : "int32",
          "required" : false
        }, {
          "name" : "blockSignSize",
          "in" : "formData",
          "description" : "",
          "type" : "integer",
          "format" : "int32",
          "required" : false
        }, {
          "name" : "homePath",
          "in" : "formData",
          "description" : "",
          "type" : "string",
          "required" : false
        }, {
          "name" : "maxHotSpanSecs",
          "in" : "formData",
          "description" : "",
          "type" : "integer",
          "format" : "int32",
          "required" : false
        }, {
          "name" : "maxMemMB",
          "in" : "formData",
          "description" : "",
          "type" : "integer",
          "format" : "int32",
          "required" : false
        }, {
          "name" : "compressRawdata",
          "in" : "formData",
          "description" : "",
          "type" : "boolean",
          "required" : false
        }, {
          "name" : "enableOnlineBucketRepair",
          "in" : "formData",
          "description" : "",
          "type" : "boolean",
          "required" : false
        }, {
          "name" : "maxHotIdleSecs",
          "in" : "formData",
          "description" : "",
          "type" : "integer",
          "format" : "int32",
          "required" : false
        }, {
          "name" : "coldPath",
          "in" : "formData",
          "description" : "",
          "type" : "string",
          "required" : false
        }, {
          "name" : "throttleCheckPeriod",
          "in" : "formData",
          "description" : "",
          "type" : "integer",
          "format" : "int32",
          "required" : false
        }, {
          "name" : "bucketRebuildMemoryHint",
          "in" : "formData",
          "description" : "",
          "type" : "string",
          "required" : false
        }, {
          "name" : "name",
          "in" : "formData",
          "description" : "",
          "type" : "integer",
          "format" : "int32",
          "required" : false
        }, {
          "name" : "frozenTimePeriodInSecs",
          "in" : "formData",
          "description" : "",
          "type" : "integer",
          "format" : "int32",
          "required" : false
        }, {
          "name" : "coldToFrozenScript",
          "in" : "formData",
          "description" : "",
          "type" : "string",
          "required" : false
        } ],
        "responses" : {
          "200" : {
            "description" : "a string to be returned",
            "schema" : {
              "type" : "string"
            }
          }
        }
      },
      "get" : {
        "description" : "Lists the recognized indexes on the server.",
        "operationId" : "get-data-indexes",
        "consumes" : [ "application/json" ],
        "produces" : [ "application/xml" ],
        "parameters" : [ ],
        "responses" : {
          "200" : {
            "description" : "a string to be returned",
            "schema" : {
              "type" : "string"
            }
          }
        }
      }
    },
    "/data/indexes/{name}" : {
      "post" : {
        "description" : "Updates the data index specified by {name} with information specified with index attributes.",
        "operationId" : "post-data-indexes",
        "consumes" : [ "application/x-www-form-urlencoded" ],
        "produces" : [ "application/xml" ],
        "parameters" : [ {
          "name" : "minRawFileSyncSecs",
          "in" : "formData",
          "description" : "",
          "type" : "integer",
          "format" : "int32",
          "required" : false
        }, {
          "name" : "rotatePeriodInSecs",
          "in" : "formData",
          "description" : "",
          "type" : "integer",
          "format" : "int32",
          "required" : false
        }, {
          "name" : "maxTotalDataSizeMB",
          "in" : "formData",
          "description" : "",
          "type" : "integer",
          "format" : "int32",
          "required" : false
        }, {
          "name" : "syncMeta",
          "in" : "formData",
          "description" : "",
          "type" : "boolean",
          "required" : false
        }, {
          "name" : "maxBloomBackfillBucketAge",
          "in" : "formData",
          "description" : "",
          "type" : "integer",
          "format" : "int32",
          "required" : false
        }, {
          "name" : "maxTimeUnreplicatedWithAcks",
          "in" : "formData",
          "description" : "",
          "type" : "integer",
          "format" : "int32",
          "required" : false
        }, {
          "name" : "processTrackerServiceInterval",
          "in" : "formData",
          "description" : "",
          "type" : "integer",
          "format" : "int32",
          "required" : false
        }, {
          "name" : "partialServiceMetaPeriod",
          "in" : "formData",
          "description" : "",
          "type" : "integer",
          "format" : "int32",
          "required" : false
        }, {
          "name" : "maxDataSize",
          "in" : "formData",
          "description" : "",
          "type" : "integer",
          "format" : "int32",
          "required" : false
        }, {
          "name" : "maxMetaEntries",
          "in" : "formData",
          "description" : "",
          "type" : "integer",
          "format" : "int32",
          "required" : false
        }, {
          "name" : "rawChunkSizeBytes",
          "in" : "formData",
          "description" : "",
          "type" : "integer",
          "format" : "int32",
          "required" : false
        }, {
          "name" : "tstatsHomePath",
          "in" : "formData",
          "description" : "",
          "type" : "string",
          "required" : false
        }, {
          "name" : "repFactor",
          "in" : "formData",
          "description" : "",
          "type" : "string",
          "required" : false
        }, {
          "name" : "maxHotBuckets",
          "in" : "formData",
          "description" : "",
          "type" : "integer",
          "format" : "int32",
          "required" : false
        }, {
          "name" : "minStreamGroupQueueSize",
          "in" : "formData",
          "description" : "",
          "type" : "integer",
          "format" : "int32",
          "required" : false
        }, {
          "name" : "quarantinePastSecs",
          "in" : "formData",
          "description" : "",
          "type" : "integer",
          "format" : "int32",
          "required" : false
        }, {
          "name" : "maxTimeUnreplicatedNoAcks",
          "in" : "formData",
          "description" : "",
          "type" : "integer",
          "format" : "int32",
          "required" : false
        }, {
          "name" : "coldToFrozenDir",
          "in" : "formData",
          "description" : "",
          "type" : "string",
          "required" : false
        }, {
          "name" : "quarantineFutureSecs",
          "in" : "formData",
          "description" : "",
          "type" : "integer",
          "format" : "int32",
          "required" : false
        }, {
          "name" : "warmToColdScript",
          "in" : "formData",
          "description" : "",
          "type" : "string",
          "required" : false
        }, {
          "name" : "maxConcurrentOptimizes",
          "in" : "formData",
          "description" : "",
          "type" : "integer",
          "format" : "int32",
          "required" : false
        }, {
          "name" : "serviceMetaPeriod",
          "in" : "formData",
          "description" : "",
          "type" : "integer",
          "format" : "int32",
          "required" : false
        }, {
          "name" : "maxWarmDBCount",
          "in" : "formData",
          "description" : "",
          "type" : "integer",
          "format" : "int32",
          "required" : false
        }, {
          "name" : "blockSignSize",
          "in" : "formData",
          "description" : "",
          "type" : "integer",
          "format" : "int32",
          "required" : false
        }, {
          "name" : "maxHotSpanSecs",
          "in" : "formData",
          "description" : "",
          "type" : "integer",
          "format" : "int32",
          "required" : false
        }, {
          "name" : "maxMemMB",
          "in" : "formData",
          "description" : "",
          "type" : "integer",
          "format" : "int32",
          "required" : false
        }, {
          "name" : "compressRawdata",
          "in" : "formData",
          "description" : "",
          "type" : "boolean",
          "required" : false
        }, {
          "name" : "enableOnlineBucketRepair",
          "in" : "formData",
          "description" : "",
          "type" : "boolean",
          "required" : false
        }, {
          "name" : "maxHotIdleSecs",
          "in" : "formData",
          "description" : "",
          "type" : "integer",
          "format" : "int32",
          "required" : false
        }, {
          "name" : "throttleCheckPeriod",
          "in" : "formData",
          "description" : "",
          "type" : "integer",
          "format" : "int32",
          "required" : false
        }, {
          "name" : "bucketRebuildMemoryHint",
          "in" : "formData",
          "description" : "",
          "type" : "string",
          "required" : false
        }, {
          "name" : "name",
          "in" : "path",
          "description" : "",
          "type" : "string",
          "required" : true
        }, {
          "name" : "frozenTimePeriodInSecs",
          "in" : "formData",
          "description" : "",
          "type" : "integer",
          "format" : "int32",
          "required" : false
        }, {
          "name" : "coldToFrozenScript",
          "in" : "formData",
          "description" : "",
          "type" : "string",
          "required" : false
        } ],
        "responses" : {
          "200" : {
            "description" : "a string to be returned",
            "schema" : {
              "type" : "string"
            }
          }
        }
      },
      "get" : {
        "description" : "Retrieves information about the named index.",
        "operationId" : "get-data-indexes",
        "consumes" : [ "application/json" ],
        "produces" : [ "application/xml" ],
        "parameters" : [ {
          "name" : "name",
          "in" : "path",
          "description" : "",
          "type" : "string",
          "required" : true
        } ],
        "responses" : {
          "200" : {
            "description" : "a string to be returned",
            "schema" : {
              "type" : "string"
            }
          }
        }
      },
      "delete" : {
        "description" : "Removes the index specified by {name} (not just the data contained in it).",
        "operationId" : "delete-data-indexes",
        "consumes" : [ "application/json" ],
        "produces" : [ "application/xml" ],
        "parameters" : [ {
          "name" : "name",
          "in" : "path",
          "description" : "",
          "type" : "string",
          "required" : true
        } ],
        "responses" : {
          "200" : {
            "description" : "a string to be returned",
            "schema" : {
              "type" : "string"
            }
          }
        }
      }
    },
    "/server/introspection/search/distributed" : {
      "get" : {
        "description" : "Enumerate routine distributed search method execution times for each peer.",
        "operationId" : "get-server-introspection-search-distributed",
        "consumes" : [ "application/json" ],
        "produces" : [ "application/xml" ],
        "parameters" : [ ],
        "responses" : {
          "200" : {
            "description" : "a string to be returned",
            "schema" : {
              "type" : "string"
            }
          }
        }
      }
    },
    "/server/introspection/indexer" : {
      "get" : {
        "description" : "Get indexer information.",
        "operationId" : "get-server-introspection-indexer",
        "consumes" : [ "application/json" ],
        "produces" : [ "application/xml" ],
        "parameters" : [ ],
        "responses" : {
          "200" : {
            "description" : "a string to be returned",
            "schema" : {
              "type" : "string"
            }
          }
        }
      }
    },
    "/server/info" : {
      "get" : {
        "description" : "Enumerate information about the server.",
        "operationId" : "get-server-info",
        "consumes" : [ "application/json" ],
        "produces" : [ "application/xml" ],
        "parameters" : [ ],
        "responses" : {
          "200" : {
            "description" : "a string to be returned",
            "schema" : {
              "type" : "string"
            }
          }
        }
      }
    },
    "/server/introspection/kvstore/collectionstats" : {
      "get" : {
        "description" : "Get storage statistics for a collection.",
        "operationId" : "get-server-introspection-kvstore-collectionstats",
        "consumes" : [ "application/json" ],
        "produces" : [ "application/xml" ],
        "parameters" : [ ],
        "responses" : {
          "200" : {
            "description" : "a string to be returned",
            "schema" : {
              "type" : "string"
            }
          }
        }
      }
    },
    "/server/introspection/search/saved" : {
      "get" : {
        "description" : "Enumerate scheduled search details.",
        "operationId" : "get-server-introspection-search-saved",
        "consumes" : [ "application/json" ],
        "produces" : [ "application/xml" ],
        "parameters" : [ ],
        "responses" : {
          "200" : {
            "description" : "a string to be returned",
            "schema" : {
              "type" : "string"
            }
          }
        }
      }
    },
    "/data/index-volumes" : {
      "get" : {
        "description" : "List the Splunk Enterprise volume(s).",
        "operationId" : "get-data-index-volumes",
        "consumes" : [ "application/json" ],
        "produces" : [ "application/xml" ],
        "parameters" : [ ],
        "responses" : {
          "200" : {
            "description" : "a string to be returned",
            "schema" : {
              "type" : "string"
            }
          }
        }
      }
    },
    "/server/introspection/search/dispatch/Bundle_Directory_Reaper" : {
      "get" : {
        "description" : "Enumerate routine distributed search method execution times for each peer",
        "operationId" : "get-server-introspection-search-dispatch-Bundle_Directory_Reaper",
        "consumes" : [ "application/json" ],
        "produces" : [ "application/xml" ],
        "parameters" : [ ],
        "responses" : {
          "200" : {
            "description" : "a string to be returned",
            "schema" : {
              "type" : "string"
            }
          }
        }
      }
    },
    "/server/status" : {
      "get" : {
        "description" : "Enumerate server/status endpoints.",
        "operationId" : "get-server-status",
        "consumes" : [ "application/json" ],
        "produces" : [ "application/xml" ],
        "parameters" : [ ],
        "responses" : {
          "200" : {
            "description" : "a string to be returned",
            "schema" : {
              "type" : "string"
            }
          }
        }
      }
    },
    "/server/introspection/search/dispatch" : {
      "get" : {
        "description" : "Enumerate scheduled search details.",
        "operationId" : "get-server-introspection-search-dispatch",
        "consumes" : [ "application/json" ],
        "produces" : [ "application/xml" ],
        "parameters" : [ ],
        "responses" : {
          "200" : {
            "description" : "a string to be returned",
            "schema" : {
              "type" : "string"
            }
          }
        }
      }
    }
  },
  "definitions" : { }
}