{
    "records": [{
        "name": "Cloud",
        "items": [],
        "url": "https://integration.cloud.tibco.com:443"
    }],
    "resources": [
        {
            "location": "Service Descriptors/sugarcrmrestservices.OAuth2TokenService-OAuth2Token.json",
            "type": "generated"
        },
        {
            "location": "Service Descriptors/sugarcrmrestservices.ContactsService-Contacts.json",
            "type": "generated"
        },
        {
            "location": "Service Descriptors/sugarcrmrestservices.CasesService-Cases.json",
            "type": "generated"
        },
        {
            "location": "Service Descriptors/sugarcrmrestservices.LeadsService-Leads.json",
            "type": "generated"
        },
        {
            "location": "Service Descriptors/sugarcrmrestservices.OpportunitiesService-Opportunities.json",
            "type": "generated"
        },
        {
            "location": "Service Descriptors/sugarcrmrestservices.SearchService-Search.json",
            "type": "generated"
        },
        {
            "location": "Service Descriptors/sugarcrmrestservices.AccountService-Account.json",
            "type": "generated"
        },
        {
            "location": "Service Descriptors/sugarcrmrestservices.SearchService-search.json",
            "type": "generated"
        },
        {
            "location": "Service Descriptors/sugarcrmrestservices.AccountService-Accounts.json",
            "type": "generated"
        },
        {
            "location": "Service Descriptors/sugarcrmrestservices.AccessTokenPingService-Ping.json",
            "type": "generated"
        }
    ]
}