{
  "swagger" : "2.0",
  "info" : {
    "version" : "1.0",
    "title" : "Summary about the new REST service.",
    "description" : "Summary about the new REST service."
  },
  "host" : "localhost:8081",
  "basePath" : "/",
  "schemes" : [ "http" ],
  "consumes" : [ "application/json" ],
  "produces" : [ "application/json" ],
  "paths" : {
    "/api/glassdoor-linkedin/getprobablejobprog" : {
      "get" : {
        "description" : "",
        "operationId" : "get-api-glassdoor-linkedin-getprobablejobprog",
        "consumes" : [ "application/json" ],
        "produces" : [ "application/json" ],
        "parameters" : [ {
          "name" : "authtoken",
          "in" : "query",
          "description" : "",
          "type" : "string",
          "required" : true
        } ],
        "responses" : {
          "200" : {
            "description" : "a BasicDetailsWithProbableJobProg to be returned",
            "schema" : {
              "$ref" : "#/definitions/BasicDetailsWithProbableJobProg"
            }
          }
        }
      }
    }
  },
  "definitions" : {
    "Jobs" : {
      "type" : "object",
      "required" : [ ],
      "properties" : {
        "nextJobTitle" : {
          "type" : "string"
        },
        "frequency" : {
          "type" : "string"
        },
        "frequencyPercent" : {
          "type" : "string"
        },
        "nationalJobCount" : {
          "type" : "string"
        },
        "medianSalary" : {
          "type" : "string"
        }
      }
    },
    "response" : {
      "type" : "object",
      "required" : [ "firstname", "currentposition", "headline", "lastname" ],
      "properties" : {
        "firstname" : {
          "type" : "string"
        },
        "lastname" : {
          "type" : "string"
        },
        "headline" : {
          "type" : "string"
        },
        "currentposition" : {
          "type" : "string"
        },
        "jobprog" : {
          "$ref" : "#/definitions/jobprog"
        }
      }
    },
    "BasicDetailsWithProbableJobProg" : {
      "type" : "object",
      "required" : [ "success", "status" ],
      "properties" : {
        "success" : {
          "type" : "string"
        },
        "status" : {
          "type" : "string"
        },
        "response" : {
          "$ref" : "#/definitions/response"
        }
      }
    },
    "jobprog" : {
      "type" : "object",
      "required" : [ "SearchedJobTitle", "Currency", "AvgPay" ],
      "properties" : {
        "SearchedJobTitle" : {
          "type" : "string"
        },
        "Currency" : {
          "type" : "string"
        },
        "AvgPay" : {
          "type" : "string"
        },
        "Jobs" : {
          "type" : "array",
          "items" : {
            "$ref" : "#/definitions/Jobs",
            "uniqueItems" : false
          }
        }
      }
    }
  }
}