{
  "swagger" : "2.0",
  "info" : {
    "version" : "1.0",
    "title" : "Generic Make Call",
    "description" : "Generic Make Call"
  },
  "host" : "localhost:8080",
  "basePath" : "/",
  "schemes" : [ "http" ],
  "consumes" : [ "application/json" ],
  "produces" : [ "application/json" ],
  "paths" : {
    "/api/generic/Call/RetrieveAllCallDetails" : {
      "post" : {
        "description" : "",
        "operationId" : "post-api-generic-Call-RetrieveAllCallDetails",
        "consumes" : [ "application/json" ],
        "produces" : [ "application/json" ],
        "parameters" : [ {
          "name" : "body",
          "in" : "body",
          "description" : "",
          "schema" : {
            "$ref" : "#/definitions/GetAllCallDetailsRequest"
          },
          "required" : true
        } ],
        "responses" : {
          "200" : {
            "description" : "a GetAllCallDetailsResponse to be returned",
            "schema" : {
              "$ref" : "#/definitions/GetAllCallDetailsResponse"
            }
          }
        }
      }
    },
    "/api/generic/Call/MakeCall" : {
      "post" : {
        "description" : "",
        "operationId" : "post-api-generic-Call-MakeCall",
        "consumes" : [ "application/json" ],
        "produces" : [ "application/json" ],
        "parameters" : [ {
          "name" : "body",
          "in" : "body",
          "description" : "",
          "schema" : {
            "$ref" : "#/definitions/MakeCallRequest"
          },
          "required" : true
        } ],
        "responses" : {
          "200" : {
            "description" : "a MakeCallResponse to be returned",
            "schema" : {
              "$ref" : "#/definitions/MakeCallResponse"
            }
          }
        }
      }
    },
    "/api/generic/Call/RetriveCallDetails" : {
      "post" : {
        "description" : "",
        "operationId" : "post-api-generic-Call-RetriveCallDetails",
        "consumes" : [ "application/json" ],
        "produces" : [ "application/json" ],
        "parameters" : [ {
          "name" : "body",
          "in" : "body",
          "description" : "",
          "schema" : {
            "$ref" : "#/definitions/GetCallDetailsRequest"
          },
          "required" : true
        } ],
        "responses" : {
          "200" : {
            "description" : "a GetCallDetailsResponse to be returned",
            "schema" : {
              "$ref" : "#/definitions/GetCallDetailsResponse"
            }
          }
        }
      }
    }
  },
  "definitions" : {
    "DynamicResponse" : {
      "type" : "object",
      "required" : [ ],
      "properties" : {
        "Response" : {
          "type" : "array",
          "items" : {
            "$ref" : "#/definitions/Response",
            "uniqueItems" : false
          }
        }
      }
    },
    "CallRequest" : {
      "type" : "object",
      "required" : [ "To", "From", "Url" ],
      "properties" : {
        "To" : {
          "type" : "string"
        },
        "From" : {
          "type" : "string"
        },
        "Url" : {
          "type" : "string"
        },
        "FallbackUrl" : {
          "type" : "string"
        },
        "FallbackMethod" : {
          "type" : "string"
        },
        "SendDigits" : {
          "type" : "string"
        },
        "Machine_Detection" : {
          "type" : "string"
        },
        "Timeout" : {
          "type" : "string"
        },
        "DynamicParameters" : {
          "$ref" : "#/definitions/DynamicParameters"
        }
      }
    },
    "CallDetailsResponse" : {
      "type" : "object",
      "required" : [ ],
      "properties" : {
        "CallDetails" : {
          "type" : "array",
          "items" : {
            "$ref" : "#/definitions/CallDetails",
            "uniqueItems" : false
          }
        },
        "DynamicResponse" : {
          "$ref" : "#/definitions/DynamicResponse"
        }
      }
    },
    "GetAllCallDetailsResponse" : {
      "type" : "object",
      "required" : [ "CallDetailsResponse", "FaultDetail" ],
      "properties" : {
        "CallDetailsResponse" : {
          "$ref" : "#/definitions/CallDetailsResponse"
        },
        "FaultDetail" : {
          "$ref" : "#/definitions/FaultDetail"
        }
      }
    },
    "GetCallDetailsResponse" : {
      "type" : "object",
      "required" : [ "CallDetailsResponse", "FaultDetail" ],
      "properties" : {
        "CallDetailsResponse" : {
          "$ref" : "#/definitions/CallDetailsResponse"
        },
        "FaultDetail" : {
          "$ref" : "#/definitions/FaultDetail"
        }
      }
    },
    "DynamicParameters" : {
      "type" : "object",
      "required" : [ ],
      "properties" : {
        "Parameter" : {
          "type" : "array",
          "items" : {
            "$ref" : "#/definitions/Parameter",
            "uniqueItems" : false
          }
        }
      }
    },
    "CallResponse" : {
      "type" : "object",
      "required" : [ "Status", "api_id", "UUID" ],
      "properties" : {
        "UUID" : {
          "type" : "string"
        },
        "Status" : {
          "type" : "string"
        },
        "api_id" : {
          "type" : "string"
        },
        "DynamicResponse" : {
          "$ref" : "#/definitions/DynamicResponse"
        }
      }
    },
    "GetCallDetailsRequest" : {
      "type" : "object",
      "required" : [ "Authorization", "Provider", "CallDetailsRequest" ],
      "properties" : {
        "Authorization" : {
          "$ref" : "#/definitions/Authorization"
        },
        "Provider" : {
          "$ref" : "#/definitions/Provider"
        },
        "CallDetailsRequest" : {
          "$ref" : "#/definitions/CallDetailsRequest"
        }
      }
    },
    "Provider" : {
      "type" : "object",
      "required" : [ "ProviderName" ],
      "properties" : {
        "ProviderName" : {
          "type" : "string"
        }
      }
    },
    "Authorization" : {
      "type" : "object",
      "required" : [ "AuthID", "AuthToken" ],
      "properties" : {
        "AuthID" : {
          "type" : "string"
        },
        "AuthToken" : {
          "type" : "string"
        }
      }
    },
    "Response" : {
      "type" : "object",
      "required" : [ "Value", "Key" ],
      "properties" : {
        "Key" : {
          "type" : "string"
        },
        "Value" : {
          "type" : "string"
        }
      }
    },
    "MakeCallResponse" : {
      "type" : "object",
      "required" : [ "FaultDetail", "CallResponse" ],
      "properties" : {
        "CallResponse" : {
          "$ref" : "#/definitions/CallResponse"
        },
        "FaultDetail" : {
          "$ref" : "#/definitions/FaultDetail"
        }
      }
    },
    "MakeCallRequest" : {
      "type" : "object",
      "required" : [ "Authorization", "CallRequest", "Provider" ],
      "properties" : {
        "Authorization" : {
          "$ref" : "#/definitions/Authorization"
        },
        "Provider" : {
          "$ref" : "#/definitions/Provider"
        },
        "CallRequest" : {
          "$ref" : "#/definitions/CallRequest"
        }
      }
    },
    "FaultDetail" : {
      "type" : "object",
      "required" : [ "Msg", "ActivityName", "StackTrace", "ProcessStack" ],
      "properties" : {
        "ActivityName" : {
          "type" : "string"
        },
        "Data" : {
          "type" : "string"
        },
        "Msg" : {
          "type" : "string"
        },
        "MsgCode" : {
          "type" : "string"
        },
        "ProcessStack" : {
          "type" : "string"
        },
        "StackTrace" : {
          "type" : "string"
        }
      }
    },
    "CallDetails" : {
      "type" : "object",
      "required" : [ ],
      "properties" : {
        "Call_uuid" : {
          "type" : "string"
        },
        "To" : {
          "type" : "string"
        },
        "From" : {
          "type" : "string"
        },
        "Direction" : {
          "type" : "string"
        },
        "Initiation_time" : {
          "type" : "string"
        },
        "StartTime" : {
          "type" : "string"
        },
        "EndTime" : {
          "type" : "string"
        },
        "Duration" : {
          "type" : "string"
        },
        "Price" : {
          "type" : "string"
        },
        "PriceUnit" : {
          "type" : "string"
        },
        "Parent_Call_uuid" : {
          "type" : "string"
        },
        "Uri" : {
          "type" : "string"
        },
        "DynamicResponse" : {
          "$ref" : "#/definitions/DynamicResponse"
        }
      }
    },
    "Parameter" : {
      "type" : "object",
      "required" : [ "Value", "Key" ],
      "properties" : {
        "Key" : {
          "type" : "string"
        },
        "Value" : {
          "type" : "string"
        }
      }
    },
    "GetAllCallDetailsRequest" : {
      "type" : "object",
      "required" : [ "Authorization", "Provider" ],
      "properties" : {
        "Authorization" : {
          "$ref" : "#/definitions/Authorization"
        },
        "Provider" : {
          "$ref" : "#/definitions/Provider"
        },
        "CallDetailsRequest" : {
          "$ref" : "#/definitions/CallDetailsRequest"
        }
      }
    },
    "CallDetailsRequest" : {
      "type" : "object",
      "required" : [ "To", "From" ],
      "properties" : {
        "To" : {
          "type" : "string"
        },
        "From" : {
          "type" : "string"
        },
        "Direction" : {
          "type" : "string"
        },
        "DynamicParameters" : {
          "$ref" : "#/definitions/DynamicParameters"
        }
      }
    }
  }
}