{
  "swagger" : "2.0",
  "info" : {
    "version" : "1.0",
    "title" : "Twilio Call API",
    "description" : ""
  },
  "host" : "localhost:8080",
  "basePath" : "/",
  "schemes" : [ "http" ],
  "consumes" : [ "application/json" ],
  "produces" : [ "application/json" ],
  "paths" : {
    "/api/twilio/Call/MakeCall" : {
      "post" : {
        "description" : "Make Call",
        "operationId" : "post-api-twilio-Call-MakeCall",
        "consumes" : [ "application/json" ],
        "produces" : [ "application/json" ],
        "parameters" : [ {
          "name" : "body",
          "in" : "body",
          "description" : "",
          "schema" : {
            "$ref" : "#/definitions/MakeCallRequest"
          },
          "required" : true
        } ],
        "responses" : {
          "200" : {
            "description" : "a MakeCallResponse to be returned",
            "schema" : {
              "$ref" : "#/definitions/MakeCallResponse"
            }
          }
        }
      }
    },
    "/api/twilio/Call/RetrieveAllCallDetails" : {
      "post" : {
        "description" : "Get All Call Details",
        "operationId" : "post-api-twilio-Call-RetrieveAllCallDetails",
        "consumes" : [ "application/json" ],
        "produces" : [ "application/json" ],
        "parameters" : [ {
          "name" : "body",
          "in" : "body",
          "description" : "",
          "schema" : {
            "$ref" : "#/definitions/RetrieveAllCallDetailsRequest"
          },
          "required" : true
        } ],
        "responses" : {
          "200" : {
            "description" : "a RetrieveAllCallDetailsResponse to be returned",
            "schema" : {
              "$ref" : "#/definitions/RetrieveAllCallDetailsResponse"
            }
          }
        }
      }
    },
    "/api/twilio/Call/RetriveCallDetails" : {
      "post" : {
        "description" : "Get Call Details",
        "operationId" : "post-api-twilio-Call-RetriveCallDetails",
        "consumes" : [ "application/json" ],
        "produces" : [ "application/json" ],
        "parameters" : [ {
          "name" : "body",
          "in" : "body",
          "description" : "",
          "schema" : {
            "$ref" : "#/definitions/RetrieveCallDetailsRequest"
          },
          "required" : true
        } ],
        "responses" : {
          "200" : {
            "description" : "a RetrieveCallDetailsResponse to be returned",
            "schema" : {
              "$ref" : "#/definitions/RetrieveCallDetailsResponse"
            }
          }
        }
      }
    }
  },
  "definitions" : {
    "RetrieveAllCallDetailsRequest" : {
      "type" : "object",
      "required" : [ "Authorization" ],
      "properties" : {
        "Authorization" : {
          "$ref" : "#/definitions/Authorization"
        },
        "To" : {
          "type" : "string"
        },
        "From" : {
          "type" : "string"
        },
        "Status" : {
          "type" : "string"
        },
        "Direction" : {
          "type" : "string"
        }
      }
    },
    "Authorization" : {
      "type" : "object",
      "required" : [ "AccountID", "AuthenticationToken" ],
      "properties" : {
        "AccountID" : {
          "type" : "string"
        },
        "AuthenticationToken" : {
          "type" : "string"
        }
      }
    },
    "Call" : {
      "type" : "object",
      "required" : [ "Status", "ApiVersion", "EndTime", "DateUpdated", "GroupSid", "ParentCallSid", "StartTime", "DateCreated", "Duration", "From", "Direction", "Uri", "AccountSid", "Annotation", "Sid", "PhoneNumberSid", "PriceUnit", "Price", "SubresourceUris", "FromFormatted", "To", "ForwardedFrom", "AnsweredBy", "CallerName" ],
      "properties" : {
        "Sid" : {
          "type" : "string"
        },
        "DateCreated" : {
          "type" : "string"
        },
        "DateUpdated" : {
          "type" : "string"
        },
        "ParentCallSid" : {
          "type" : "string"
        },
        "AccountSid" : {
          "type" : "string"
        },
        "To" : {
          "type" : "string"
        },
        "From" : {
          "type" : "string"
        },
        "FromFormatted" : {
          "type" : "string"
        },
        "PhoneNumberSid" : {
          "type" : "string"
        },
        "Status" : {
          "type" : "string"
        },
        "StartTime" : {
          "type" : "string"
        },
        "EndTime" : {
          "type" : "string"
        },
        "Duration" : {
          "type" : "string"
        },
        "Price" : {
          "type" : "string"
        },
        "PriceUnit" : {
          "type" : "string"
        },
        "Direction" : {
          "type" : "string"
        },
        "AnsweredBy" : {
          "type" : "string"
        },
        "Annotation" : {
          "type" : "string"
        },
        "ApiVersion" : {
          "type" : "string"
        },
        "ForwardedFrom" : {
          "type" : "string"
        },
        "GroupSid" : {
          "type" : "string"
        },
        "CallerName" : {
          "type" : "string"
        },
        "Uri" : {
          "type" : "string"
        },
        "SubresourceUris" : {
          "$ref" : "#/definitions/SubresourceUris"
        }
      }
    },
    "RetrieveAllCallDetailsResponse" : {
      "type" : "object",
      "required" : [ "PageSize", "Calls", "PageNo" ],
      "properties" : {
        "PageNo" : {
          "type" : "integer"
        },
        "PageSize" : {
          "type" : "integer"
        },
        "FirstPage" : {
          "type" : "string"
        },
        "NextPage" : {
          "type" : "string"
        },
        "PreviousPage" : {
          "type" : "string"
        },
        "Calls" : {
          "$ref" : "#/definitions/Calls"
        }
      }
    },
    "MakeCallResponse" : {
      "type" : "object",
      "required" : [ "Call" ],
      "properties" : {
        "Call" : {
          "$ref" : "#/definitions/Call"
        }
      }
    },
    "MakeCallRequest" : {
      "type" : "object",
      "required" : [ "Authorization", "TwilioMakeCallRequest" ],
      "properties" : {
        "Authorization" : {
          "$ref" : "#/definitions/Authorization"
        },
        "TwilioMakeCallRequest" : {
          "$ref" : "#/definitions/TwilioMakeCallRequest"
        }
      }
    },
    "SubresourceUris" : {
      "type" : "object",
      "required" : [ "Recordings", "Notifications" ],
      "properties" : {
        "Notifications" : {
          "type" : "string"
        },
        "Recordings" : {
          "type" : "string"
        }
      }
    },
    "Calls" : {
      "type" : "object",
      "required" : [ ],
      "properties" : {
        "Call" : {
          "type" : "array",
          "items" : {
            "$ref" : "#/definitions/Call",
            "uniqueItems" : false
          }
        }
      }
    },
    "RetrieveCallDetailsRequest" : {
      "type" : "object",
      "required" : [ "Authorization", "CallID" ],
      "properties" : {
        "Authorization" : {
          "$ref" : "#/definitions/Authorization"
        },
        "CallID" : {
          "type" : "string"
        }
      }
    },
    "RetrieveCallDetailsResponse" : {
      "type" : "object",
      "required" : [ "Call" ],
      "properties" : {
        "Call" : {
          "$ref" : "#/definitions/Call"
        }
      }
    },
    "TwilioMakeCallRequest" : {
      "type" : "object",
      "required" : [ "From", "To" ],
      "properties" : {
        "From" : {
          "type" : "string"
        },
        "To" : {
          "type" : "string"
        },
        "Url" : {
          "type" : "string"
        },
        "Method" : {
          "type" : "string"
        },
        "ApplicationSid" : {
          "type" : "string"
        },
        "FallbackUrl" : {
          "type" : "string"
        },
        "FallbackMethod" : {
          "type" : "string"
        },
        "StatusCallback" : {
          "type" : "string"
        },
        "StatusCallbackMethod" : {
          "type" : "string"
        },
        "StatusCallbackEvent" : {
          "type" : "string"
        },
        "SendDigits" : {
          "type" : "string"
        },
        "IfMachine" : {
          "type" : "string"
        },
        "Timeout" : {
          "type" : "string"
        },
        "Record" : {
          "type" : "string"
        }
      }
    }
  }
}