{
  "swagger" : "2.0",
  "info" : {
    "version" : "1.0",
    "title" : "Generic SMS API",
    "description" : "Generic SMS API"
  },
  "host" : "localhost:8080",
  "basePath" : "/",
  "schemes" : [ "http" ],
  "consumes" : [ "application/json" ],
  "produces" : [ "application/json" ],
  "paths" : {
    "/api/generic/SMS/RetrieveALLSMS" : {
      "post" : {
        "description" : "",
        "operationId" : "post-api-generic-SMS-RetrieveALLSMS",
        "consumes" : [ "application/json" ],
        "produces" : [ "application/json" ],
        "parameters" : [ {
          "name" : "body",
          "in" : "body",
          "description" : "",
          "schema" : {
            "$ref" : "#/definitions/GetMultipleSMSDetailsRequest"
          },
          "required" : true
        } ],
        "responses" : {
          "200" : {
            "description" : "a GetMultipleSMSDetailsResponse to be returned",
            "schema" : {
              "$ref" : "#/definitions/GetMultipleSMSDetailsResponse"
            }
          }
        }
      }
    },
    "/api/generic/SMS/Sendsms" : {
      "post" : {
        "description" : "",
        "operationId" : "post-api-generic-SMS-Sendsms",
        "consumes" : [ "application/json" ],
        "produces" : [ "application/json" ],
        "parameters" : [ {
          "name" : "body",
          "in" : "body",
          "description" : "",
          "schema" : {
            "$ref" : "#/definitions/SendSMSRequest"
          },
          "required" : true
        } ],
        "responses" : {
          "200" : {
            "description" : "a SendSMSResponse to be returned",
            "schema" : {
              "$ref" : "#/definitions/SendSMSResponse"
            }
          }
        }
      }
    },
    "/api/generic/SMS/RetrieveSMS" : {
      "post" : {
        "description" : "",
        "operationId" : "post-api-generic-SMS-RetrieveSMS",
        "consumes" : [ "application/json" ],
        "produces" : [ "application/json" ],
        "parameters" : [ {
          "name" : "body",
          "in" : "body",
          "description" : "",
          "schema" : {
            "$ref" : "#/definitions/GetSingleSMSDetailsRequest"
          },
          "required" : true
        } ],
        "responses" : {
          "200" : {
            "description" : "a GetSingleSMSDetailsResponse to be returned",
            "schema" : {
              "$ref" : "#/definitions/GetSingleSMSDetailsResponse"
            }
          }
        }
      }
    }
  },
  "definitions" : {
    "DynamicResponse" : {
      "type" : "object",
      "required" : [ ],
      "properties" : {
        "Response" : {
          "type" : "array",
          "items" : {
            "$ref" : "#/definitions/Response",
            "uniqueItems" : false
          }
        }
      }
    },
    "SendSMSResponse" : {
      "type" : "object",
      "required" : [ "SMSResponse", "FaultDetail" ],
      "properties" : {
        "SMSResponse" : {
          "$ref" : "#/definitions/SMSResponse"
        },
        "FaultDetail" : {
          "$ref" : "#/definitions/FaultDetail"
        }
      }
    },
    "GetMultipleSMSDetailsResponse" : {
      "type" : "object",
      "required" : [ "FaultDetail", "MultipleSMSResponse" ],
      "properties" : {
        "MultipleSMSResponse" : {
          "$ref" : "#/definitions/MultipleSMSResponse"
        },
        "FaultDetail" : {
          "$ref" : "#/definitions/FaultDetail"
        }
      }
    },
    "SMSResponse" : {
      "type" : "object",
      "required" : [ "Status", "MessageID" ],
      "properties" : {
        "MessageID" : {
          "type" : "string"
        },
        "Status" : {
          "type" : "string"
        },
        "DynamicResponse" : {
          "$ref" : "#/definitions/DynamicResponse"
        }
      }
    },
    "GetSingleSMSDetailsRequest" : {
      "type" : "object",
      "required" : [ "Authorization", "Provider" ],
      "properties" : {
        "Authorization" : {
          "$ref" : "#/definitions/Authorization"
        },
        "Provider" : {
          "$ref" : "#/definitions/Provider"
        },
        "SingleSMSRequest" : {
          "$ref" : "#/definitions/SingleSMSRequest"
        }
      }
    },
    "DynamicParameters" : {
      "type" : "object",
      "required" : [ ],
      "properties" : {
        "Parameter" : {
          "type" : "array",
          "items" : {
            "$ref" : "#/definitions/Parameter",
            "uniqueItems" : false
          }
        }
      }
    },
    "SendSMSRequest" : {
      "type" : "object",
      "required" : [ "Authorization", "SMSRequest", "Provider" ],
      "properties" : {
        "Authorization" : {
          "$ref" : "#/definitions/Authorization"
        },
        "Provider" : {
          "$ref" : "#/definitions/Provider"
        },
        "SMSRequest" : {
          "$ref" : "#/definitions/SMSRequest"
        }
      }
    },
    "MessageDetails" : {
      "type" : "object",
      "required" : [ ],
      "properties" : {
        "MessageID" : {
          "type" : "string"
        },
        "Status" : {
          "type" : "string"
        },
        "Sent_Time" : {
          "type" : "string"
        },
        "To" : {
          "type" : "string"
        },
        "From" : {
          "type" : "string"
        },
        "Message_Unit" : {
          "type" : "string"
        },
        "Message_Direction" : {
          "type" : "string"
        },
        "Total_Amount" : {
          "type" : "string"
        },
        "URI" : {
          "type" : "string"
        },
        "DynamicResponse" : {
          "$ref" : "#/definitions/DynamicResponse"
        }
      }
    },
    "GetMultipleSMSDetailsRequest" : {
      "type" : "object",
      "required" : [ "Authorization", "MultipleSMSRequest", "Provider" ],
      "properties" : {
        "Authorization" : {
          "$ref" : "#/definitions/Authorization"
        },
        "Provider" : {
          "$ref" : "#/definitions/Provider"
        },
        "MultipleSMSRequest" : {
          "$ref" : "#/definitions/MultipleSMSRequest"
        }
      }
    },
    "Provider" : {
      "type" : "object",
      "required" : [ "ProviderName" ],
      "properties" : {
        "ProviderName" : {
          "type" : "string"
        }
      }
    },
    "Authorization" : {
      "type" : "object",
      "required" : [ "AuthID", "AuthToken" ],
      "properties" : {
        "AuthID" : {
          "type" : "string"
        },
        "AuthToken" : {
          "type" : "string"
        }
      }
    },
    "Response" : {
      "type" : "object",
      "required" : [ "Value", "Key" ],
      "properties" : {
        "Key" : {
          "type" : "string"
        },
        "Value" : {
          "type" : "string"
        }
      }
    },
    "SingleSMSResponse" : {
      "type" : "object",
      "required" : [ ],
      "properties" : {
        "MessageID" : {
          "type" : "string"
        },
        "Status" : {
          "type" : "string"
        },
        "Sent_Time" : {
          "type" : "string"
        },
        "To" : {
          "type" : "string"
        },
        "From" : {
          "type" : "string"
        },
        "Message_Unit" : {
          "type" : "string"
        },
        "Message_Direction" : {
          "type" : "string"
        },
        "Total_Amount" : {
          "type" : "string"
        },
        "URI" : {
          "type" : "string"
        },
        "DynamicResponse" : {
          "$ref" : "#/definitions/DynamicResponse"
        }
      }
    },
    "SingleSMSRequest" : {
      "type" : "object",
      "required" : [ "MessageID" ],
      "properties" : {
        "MessageID" : {
          "type" : "string"
        },
        "DynamicParameters" : {
          "$ref" : "#/definitions/DynamicParameters"
        }
      }
    },
    "FaultDetail" : {
      "type" : "object",
      "required" : [ "Msg", "ActivityName", "StackTrace", "ProcessStack" ],
      "properties" : {
        "ActivityName" : {
          "type" : "string"
        },
        "Data" : {
          "type" : "string"
        },
        "Msg" : {
          "type" : "string"
        },
        "MsgCode" : {
          "type" : "string"
        },
        "ProcessStack" : {
          "type" : "string"
        },
        "StackTrace" : {
          "type" : "string"
        }
      }
    },
    "SMSRequest" : {
      "type" : "object",
      "required" : [ "To", "From", "Body" ],
      "properties" : {
        "To" : {
          "type" : "string"
        },
        "From" : {
          "type" : "string"
        },
        "Body" : {
          "type" : "string"
        },
        "DynamicParameters" : {
          "$ref" : "#/definitions/DynamicParameters"
        }
      }
    },
    "MultipleSMSRequest" : {
      "type" : "object",
      "required" : [ ],
      "properties" : {
        "Sent_Time_EQ" : {
          "type" : "string"
        },
        "Sent_Time_LT" : {
          "type" : "string"
        },
        "Sent_Time_LTE" : {
          "type" : "string"
        },
        "Sent_Time_GT" : {
          "type" : "string"
        },
        "Sent_Time_GTE" : {
          "type" : "string"
        },
        "DynamicParameters" : {
          "$ref" : "#/definitions/DynamicParameters"
        }
      }
    },
    "Parameter" : {
      "type" : "object",
      "required" : [ "Value", "Key" ],
      "properties" : {
        "Key" : {
          "type" : "string"
        },
        "Value" : {
          "type" : "string"
        }
      }
    },
    "MultipleSMSResponse" : {
      "type" : "object",
      "required" : [ ],
      "properties" : {
        "MessageDetails" : {
          "type" : "array",
          "items" : {
            "$ref" : "#/definitions/MessageDetails",
            "uniqueItems" : false
          }
        },
        "DynamicResponse" : {
          "$ref" : "#/definitions/DynamicResponse"
        }
      }
    },
    "GetSingleSMSDetailsResponse" : {
      "type" : "object",
      "required" : [ "SingleSMSResponse", "FaultDetail" ],
      "properties" : {
        "SingleSMSResponse" : {
          "$ref" : "#/definitions/SingleSMSResponse"
        },
        "FaultDetail" : {
          "$ref" : "#/definitions/FaultDetail"
        }
      }
    }
  }
}