{
  "swagger" : "2.0",
  "info" : {
    "version" : "1.0",
    "title" : "Create a Sub Account",
    "description" : "Create a Sub Account"
  },
  "host" : "localhost:8080",
  "basePath" : "/",
  "schemes" : [ "http" ],
  "consumes" : [ "application/json" ],
  "produces" : [ "application/json" ],
  "paths" : {
    "/api/generic/Account/RetrieveAccountDetails" : {
      "post" : {
        "description" : "",
        "operationId" : "post-api-generic-Account-RetrieveAccountDetails",
        "consumes" : [ "application/json" ],
        "produces" : [ "application/json" ],
        "parameters" : [ {
          "name" : "body",
          "in" : "body",
          "description" : "",
          "schema" : {
            "$ref" : "#/definitions/GetAccountDetailsRequest"
          },
          "required" : true
        } ],
        "responses" : {
          "200" : {
            "description" : "a GetAccountDetailsResponse to be returned",
            "schema" : {
              "$ref" : "#/definitions/GetAccountDetailsResponse"
            }
          }
        }
      }
    },
    "/api/generic/Account/RetrieveAllAccountDetails" : {
      "post" : {
        "description" : "",
        "operationId" : "post-api-generic-Account-RetrieveAllAccountDetails",
        "consumes" : [ "application/json" ],
        "produces" : [ "application/json" ],
        "parameters" : [ {
          "name" : "body",
          "in" : "body",
          "description" : "",
          "schema" : {
            "$ref" : "#/definitions/GetAllSubAccountRequest"
          },
          "required" : true
        } ],
        "responses" : {
          "200" : {
            "description" : "a GetAllSubAccountResponse to be returned",
            "schema" : {
              "$ref" : "#/definitions/GetAllSubAccountResponse"
            }
          }
        }
      }
    },
    "/api/generic/Account/CreateSubAccount" : {
      "post" : {
        "description" : "",
        "operationId" : "post-api-generic-Account-CreateSubAccount",
        "consumes" : [ "application/json" ],
        "produces" : [ "application/json" ],
        "parameters" : [ {
          "name" : "body",
          "in" : "body",
          "description" : "",
          "schema" : {
            "$ref" : "#/definitions/CreateSubAccountRequest"
          },
          "required" : true
        } ],
        "responses" : {
          "200" : {
            "description" : "a CreateSubAccountResponse to be returned",
            "schema" : {
              "type" : "array",
              "items" : {
                "$ref" : "#/definitions/CreateSubAccountResponse",
                "uniqueItems" : false
              }
            }
          }
        }
      }
    },
    "/api/generic/Account/UpdateSubAccount" : {
      "post" : {
        "description" : "",
        "operationId" : "post-api-generic-Account-UpdateSubAccount",
        "consumes" : [ "application/json" ],
        "produces" : [ "application/json" ],
        "parameters" : [ {
          "name" : "body",
          "in" : "body",
          "description" : "",
          "schema" : {
            "$ref" : "#/definitions/UpdateAccountRequest"
          },
          "required" : true
        } ],
        "responses" : {
          "200" : {
            "description" : "a UpdateAccountResponse to be returned",
            "schema" : {
              "$ref" : "#/definitions/UpdateAccountResponse"
            }
          }
        }
      }
    }
  },
  "definitions" : {
    "DynamicResponse" : {
      "type" : "object",
      "required" : [ ],
      "properties" : {
        "Response" : {
          "type" : "array",
          "items" : {
            "$ref" : "#/definitions/Response",
            "uniqueItems" : false
          }
        }
      }
    },
    "UpdateAccountRequest" : {
      "type" : "object",
      "required" : [ "Authorization", "UpdateRequest", "Provider" ],
      "properties" : {
        "Authorization" : {
          "$ref" : "#/definitions/Authorization"
        },
        "Provider" : {
          "$ref" : "#/definitions/Provider"
        },
        "UpdateRequest" : {
          "$ref" : "#/definitions/UpdateRequest"
        }
      }
    },
    "UpdateAccountResponse" : {
      "type" : "object",
      "required" : [ "UpdateResponse", "FaultDetail" ],
      "properties" : {
        "UpdateResponse" : {
          "$ref" : "#/definitions/UpdateResponse"
        },
        "FaultDetail" : {
          "$ref" : "#/definitions/FaultDetail"
        }
      }
    },
    "GetAllSubAccountRequest" : {
      "type" : "object",
      "required" : [ "Authorization", "Provider" ],
      "properties" : {
        "Authorization" : {
          "$ref" : "#/definitions/Authorization"
        },
        "Provider" : {
          "$ref" : "#/definitions/Provider"
        }
      }
    },
    "UpdateRequest" : {
      "type" : "object",
      "required" : [ ],
      "properties" : {
        "AccountID" : {
          "type" : "string"
        },
        "Name" : {
          "type" : "string"
        },
        "Enabled" : {
          "type" : "string"
        }
      }
    },
    "GetAllSubAccountResponse" : {
      "type" : "object",
      "required" : [ "AllSubAccountResponse", "FaultDetail" ],
      "properties" : {
        "AllSubAccountResponse" : {
          "$ref" : "#/definitions/AllSubAccountResponse"
        },
        "FaultDetail" : {
          "$ref" : "#/definitions/FaultDetail"
        }
      }
    },
    "Provider" : {
      "type" : "object",
      "required" : [ "ProviderName" ],
      "properties" : {
        "ProviderName" : {
          "type" : "string"
        }
      }
    },
    "GetAccountDetailsRequest" : {
      "type" : "object",
      "required" : [ "Authorization", "Provider" ],
      "properties" : {
        "Authorization" : {
          "$ref" : "#/definitions/Authorization"
        },
        "Provider" : {
          "$ref" : "#/definitions/Provider"
        }
      }
    },
    "Authorization" : {
      "type" : "object",
      "required" : [ "AuthID", "AuthToken" ],
      "properties" : {
        "AuthID" : {
          "type" : "string"
        },
        "AuthToken" : {
          "type" : "string"
        }
      }
    },
    "Response" : {
      "type" : "object",
      "required" : [ "Value", "Key" ],
      "properties" : {
        "Key" : {
          "type" : "string"
        },
        "Value" : {
          "type" : "string"
        }
      }
    },
    "UpdateResponse" : {
      "type" : "object",
      "required" : [ "status" ],
      "properties" : {
        "status" : {
          "type" : "string"
        },
        "DynamicResponse" : {
          "$ref" : "#/definitions/DynamicResponse"
        }
      }
    },
    "GetAccountDetailsResponse" : {
      "type" : "object",
      "required" : [ "AccountDetailsResponse", "FaultDetail" ],
      "properties" : {
        "AccountDetailsResponse" : {
          "$ref" : "#/definitions/AccountDetailsResponse"
        },
        "FaultDetail" : {
          "$ref" : "#/definitions/FaultDetail"
        }
      }
    },
    "SubAccountDetails" : {
      "type" : "object",
      "required" : [ ],
      "properties" : {
        "auth_id" : {
          "type" : "string"
        },
        "owner_account_sid" : {
          "type" : "string"
        },
        "name" : {
          "type" : "string"
        },
        "status" : {
          "type" : "string"
        },
        "date_created" : {
          "type" : "string"
        },
        "date_updated" : {
          "type" : "string"
        },
        "auth_token" : {
          "type" : "string"
        },
        "resource_uri" : {
          "type" : "string"
        },
        "DynamicResponse" : {
          "$ref" : "#/definitions/DynamicResponse"
        }
      }
    },
    "CreateSubAccountRequest" : {
      "type" : "object",
      "required" : [ "Authorization", "SubAccountRequest", "Provider" ],
      "properties" : {
        "Authorization" : {
          "$ref" : "#/definitions/Authorization"
        },
        "Provider" : {
          "$ref" : "#/definitions/Provider"
        },
        "SubAccountRequest" : {
          "$ref" : "#/definitions/SubAccountRequest"
        }
      }
    },
    "CreateSubAccountResponse" : {
      "type" : "object",
      "required" : [ "SubAccountResponse", "FaultDetail" ],
      "properties" : {
        "SubAccountResponse" : {
          "$ref" : "#/definitions/SubAccountResponse"
        },
        "FaultDetail" : {
          "$ref" : "#/definitions/FaultDetail"
        }
      }
    },
    "SubAccountResponse" : {
      "type" : "object",
      "required" : [ "auth_id", "auth_token", "status" ],
      "properties" : {
        "auth_id" : {
          "type" : "string"
        },
        "auth_token" : {
          "type" : "string"
        },
        "status" : {
          "type" : "string"
        },
        "DynamicResponse" : {
          "$ref" : "#/definitions/DynamicResponse"
        }
      }
    },
    "AccountDetailsResponse" : {
      "type" : "object",
      "required" : [ "account_type", "auth_id", "resource_uri", "name" ],
      "properties" : {
        "auth_id" : {
          "type" : "string"
        },
        "name" : {
          "type" : "string"
        },
        "account_type" : {
          "type" : "string"
        },
        "resource_uri" : {
          "type" : "string"
        },
        "DynamicResponse" : {
          "$ref" : "#/definitions/DynamicResponse"
        }
      }
    },
    "FaultDetail" : {
      "type" : "object",
      "required" : [ "Msg", "ActivityName", "StackTrace", "ProcessStack" ],
      "properties" : {
        "ActivityName" : {
          "type" : "string"
        },
        "Data" : {
          "type" : "string"
        },
        "Msg" : {
          "type" : "string"
        },
        "MsgCode" : {
          "type" : "string"
        },
        "ProcessStack" : {
          "type" : "string"
        },
        "StackTrace" : {
          "type" : "string"
        }
      }
    },
    "AllSubAccountResponse" : {
      "type" : "object",
      "required" : [ ],
      "properties" : {
        "SubAccountDetails" : {
          "type" : "array",
          "items" : {
            "$ref" : "#/definitions/SubAccountDetails",
            "uniqueItems" : false
          }
        },
        "DynamicResponse" : {
          "$ref" : "#/definitions/DynamicResponse"
        }
      }
    },
    "SubAccountRequest" : {
      "type" : "object",
      "required" : [ "Name" ],
      "properties" : {
        "Name" : {
          "type" : "string"
        },
        "Enabled" : {
          "type" : "boolean"
        }
      }
    }
  }
}