{
  "swagger" : "2.0",
  "info" : {
    "version" : "1.0",
    "title" : "Account Service for Twilio",
    "description" : "Account Service for Twilio"
  },
  "host" : "localhost:8080",
  "basePath" : "/",
  "schemes" : [ "http" ],
  "consumes" : [ "application/json" ],
  "produces" : [ "application/json" ],
  "paths" : {
    "/api/twilio/Account/RetrieveAccountDetails" : {
      "post" : {
        "description" : "",
        "operationId" : "post-api-twilio-Account-RetrieveAccountDetails",
        "consumes" : [ "application/json" ],
        "produces" : [ "application/json" ],
        "parameters" : [ {
          "name" : "body",
          "in" : "body",
          "description" : "",
          "schema" : {
            "$ref" : "#/definitions/RetrieveAccountDetailsRequest"
          },
          "required" : true
        } ],
        "responses" : {
          "200" : {
            "description" : "a RetrieveAccountDetailsResponse to be returned",
            "schema" : {
              "$ref" : "#/definitions/RetrieveAccountDetailsResponse"
            }
          }
        }
      }
    },
    "/api/twilio/Account/RetrieveAllAccountDetails" : {
      "post" : {
        "description" : "",
        "operationId" : "post-api-twilio-Account-RetrieveAllAccountDetails",
        "consumes" : [ "application/json" ],
        "produces" : [ "application/json" ],
        "parameters" : [ {
          "name" : "body",
          "in" : "body",
          "description" : "",
          "schema" : {
            "$ref" : "#/definitions/RetrieveAllAccountDetailsRequest"
          },
          "required" : true
        } ],
        "responses" : {
          "200" : {
            "description" : "a RetrieveAllAccountDetailsResponse to be returned",
            "schema" : {
              "$ref" : "#/definitions/RetrieveAllAccountDetailsResponse"
            }
          }
        }
      }
    },
    "/api/twilio/Account/CreateSubAccount" : {
      "post" : {
        "description" : "",
        "operationId" : "post-api-twilio-Account-CreateSubAccount",
        "consumes" : [ "application/json" ],
        "produces" : [ "application/json" ],
        "parameters" : [ {
          "name" : "body",
          "in" : "body",
          "description" : "",
          "schema" : {
            "$ref" : "#/definitions/CreateSubAccountRequest"
          },
          "required" : true
        } ],
        "responses" : {
          "200" : {
            "description" : "a CreateSubAccountResponse to be returned",
            "schema" : {
              "$ref" : "#/definitions/CreateSubAccountResponse"
            }
          }
        }
      }
    },
    "/api/twilio/Account/UpdateSubAccount" : {
      "post" : {
        "description" : "",
        "operationId" : "post-api-twilio-Account-UpdateSubAccount",
        "consumes" : [ "application/json" ],
        "produces" : [ "application/json" ],
        "parameters" : [ {
          "name" : "body",
          "in" : "body",
          "description" : "",
          "schema" : {
            "$ref" : "#/definitions/UpdateSubAccountRequest"
          },
          "required" : true
        } ],
        "responses" : {
          "200" : {
            "description" : "a UpdateSubAccountResponse to be returned",
            "schema" : {
              "$ref" : "#/definitions/UpdateSubAccountResponse"
            }
          }
        }
      }
    }
  },
  "definitions" : {
    "Account" : {
      "type" : "object",
      "required" : [ "Status", "Type", "FriendlyName", "SubresourceUris", "DateUpdated", "DateCreated", "AuthToken", "OwnerAccountSid", "Uri", "Sid" ],
      "properties" : {
        "Sid" : {
          "type" : "string"
        },
        "OwnerAccountSid" : {
          "type" : "string"
        },
        "FriendlyName" : {
          "type" : "string"
        },
        "Status" : {
          "type" : "string"
        },
        "DateCreated" : {
          "type" : "string"
        },
        "DateUpdated" : {
          "type" : "string"
        },
        "AuthToken" : {
          "type" : "string"
        },
        "Type" : {
          "type" : "string"
        },
        "Uri" : {
          "type" : "string"
        },
        "SubresourceUris" : {
          "$ref" : "#/definitions/SubresourceUris"
        }
      }
    },
    "UpdateSubAccountResponse" : {
      "type" : "object",
      "required" : [ "Account", "FaultDetail" ],
      "properties" : {
        "Account" : {
          "$ref" : "#/definitions/Account"
        },
        "FaultDetail" : {
          "$ref" : "#/definitions/FaultDetail"
        }
      }
    },
    "RetrieveAccountDetailsRequest" : {
      "type" : "object",
      "required" : [ "Authorization", "AccountID" ],
      "properties" : {
        "Authorization" : {
          "$ref" : "#/definitions/Authorization"
        },
        "AccountID" : {
          "type" : "string"
        }
      }
    },
    "RetrieveAllAccountDetailsResponse" : {
      "type" : "object",
      "required" : [ "FaultDetail", "Accounts" ],
      "properties" : {
        "Accounts" : {
          "$ref" : "#/definitions/Accounts"
        },
        "FaultDetail" : {
          "$ref" : "#/definitions/FaultDetail"
        }
      }
    },
    "Authorization" : {
      "type" : "object",
      "required" : [ "AccountID", "AuthenticationToken" ],
      "properties" : {
        "AccountID" : {
          "type" : "string"
        },
        "AuthenticationToken" : {
          "type" : "string"
        }
      }
    },
    "RetrieveAccountDetailsResponse" : {
      "type" : "object",
      "required" : [ "Account", "FaultDetail" ],
      "properties" : {
        "Account" : {
          "$ref" : "#/definitions/Account"
        },
        "FaultDetail" : {
          "$ref" : "#/definitions/FaultDetail"
        }
      }
    },
    "RetrieveAllAccountDetailsRequest" : {
      "type" : "object",
      "required" : [ "Authorization" ],
      "properties" : {
        "Authorization" : {
          "$ref" : "#/definitions/Authorization"
        },
        "FriendlyName" : {
          "type" : "string"
        },
        "Status" : {
          "type" : "string"
        }
      }
    },
    "UpdateSubAccountRequest" : {
      "type" : "object",
      "required" : [ "Authorization", "Status", "AccountID" ],
      "properties" : {
        "Authorization" : {
          "$ref" : "#/definitions/Authorization"
        },
        "Status" : {
          "type" : "string"
        },
        "AccountID" : {
          "type" : "string"
        }
      }
    },
    "CreateSubAccountRequest" : {
      "type" : "object",
      "required" : [ "Authorization", "FriendlyName" ],
      "properties" : {
        "Authorization" : {
          "$ref" : "#/definitions/Authorization"
        },
        "FriendlyName" : {
          "type" : "string"
        }
      }
    },
    "CreateSubAccountResponse" : {
      "type" : "object",
      "required" : [ "Account", "FaultDetail" ],
      "properties" : {
        "Account" : {
          "$ref" : "#/definitions/Account"
        },
        "FaultDetail" : {
          "$ref" : "#/definitions/FaultDetail"
        }
      }
    },
    "SubresourceUris" : {
      "type" : "object",
      "required" : [ "Usage", "Messages", "Applications", "AvailablePhoneNumbers", "Conferences", "OutgoingCallerIds", "Calls", "IncomingPhoneNumbers", "Media", "AuthorizedConnectApps", "Recordings", "Transcriptions", "Sandbox", "SMSMessages", "Queues", "SIP", "Notifications", "ConnectApps" ],
      "properties" : {
        "Applications" : {
          "type" : "string"
        },
        "AuthorizedConnectApps" : {
          "type" : "string"
        },
        "AvailablePhoneNumbers" : {
          "type" : "string"
        },
        "Calls" : {
          "type" : "string"
        },
        "Conferences" : {
          "type" : "string"
        },
        "ConnectApps" : {
          "type" : "string"
        },
        "IncomingPhoneNumbers" : {
          "type" : "string"
        },
        "Media" : {
          "type" : "string"
        },
        "Messages" : {
          "type" : "string"
        },
        "Notifications" : {
          "type" : "string"
        },
        "OutgoingCallerIds" : {
          "type" : "string"
        },
        "Queues" : {
          "type" : "string"
        },
        "Recordings" : {
          "type" : "string"
        },
        "Sandbox" : {
          "type" : "string"
        },
        "SIP" : {
          "type" : "string"
        },
        "SMSMessages" : {
          "type" : "string"
        },
        "Transcriptions" : {
          "type" : "string"
        },
        "Usage" : {
          "type" : "string"
        }
      }
    },
    "FaultDetail" : {
      "type" : "object",
      "required" : [ "Msg", "ActivityName", "StackTrace", "ProcessStack" ],
      "properties" : {
        "ActivityName" : {
          "type" : "string"
        },
        "Data" : {
          "type" : "string"
        },
        "Msg" : {
          "type" : "string"
        },
        "MsgCode" : {
          "type" : "string"
        },
        "ProcessStack" : {
          "type" : "string"
        },
        "StackTrace" : {
          "type" : "string"
        }
      }
    },
    "Accounts" : {
      "type" : "object",
      "required" : [ "Account", "PageSize", "PageNo" ],
      "properties" : {
        "PageNo" : {
          "type" : "integer"
        },
        "PageSize" : {
          "type" : "integer"
        },
        "FirstPage" : {
          "type" : "string"
        },
        "NextPage" : {
          "type" : "string"
        },
        "PreviousPage" : {
          "type" : "string"
        },
        "Account" : {
          "type" : "array",
          "items" : {
            "$ref" : "#/definitions/Account",
            "uniqueItems" : false
          }
        }
      }
    }
  }
}