{
  "swagger" : "2.0",
  "info" : {
    "version" : "1.0",
    "title" : "Summary about the new REST service.",
    "description" : "Summary about the new REST service."
  },
  "host" : "localhost:8080",
  "basePath" : "/",
  "schemes" : [ "http" ],
  "consumes" : [ "application/json" ],
  "produces" : [ "application/json" ],
  "paths" : {
    "/api/plivo/Account/ModifyAccount" : {
      "post" : {
        "description" : "Rest Service of Plivo ModifyAccount",
        "operationId" : "post-api-plivo-Account-ModifyAccount",
        "consumes" : [ "application/json" ],
        "produces" : [ "application/json" ],
        "parameters" : [ {
          "name" : "body",
          "in" : "body",
          "description" : "",
          "schema" : {
            "$ref" : "#/definitions/ModifyAccountRequest"
          },
          "required" : true
        } ],
        "responses" : {
          "200" : {
            "description" : "a ModifyAccountResponse to be returned",
            "schema" : {
              "$ref" : "#/definitions/ModifyAccountResponse"
            }
          }
        }
      }
    },
    "/api/plivo/Account/DeleteSubAccount" : {
      "post" : {
        "description" : "Rest Service of Plivo DeleteSubAccount",
        "operationId" : "post-api-plivo-Account-DeleteSubAccount",
        "consumes" : [ "application/json" ],
        "produces" : [ "application/json" ],
        "parameters" : [ {
          "name" : "body",
          "in" : "body",
          "description" : "",
          "schema" : {
            "$ref" : "#/definitions/DeleteSubAccountRequest"
          },
          "required" : true
        } ],
        "responses" : {
          "200" : {
            "description" : "a DeleteSubAccountResponse to be returned",
            "schema" : {
              "$ref" : "#/definitions/DeleteSubAccountResponse"
            }
          }
        }
      }
    },
    "/api/plivo/Account/CreateSubAccount" : {
      "post" : {
        "description" : "Rest Service of Plivo CreateSubAccount",
        "operationId" : "post-api-plivo-Account-CreateSubAccount",
        "consumes" : [ "application/json" ],
        "produces" : [ "application/json" ],
        "parameters" : [ {
          "name" : "body",
          "in" : "body",
          "description" : "",
          "schema" : {
            "$ref" : "#/definitions/CreateSubAccountRequest"
          },
          "required" : true
        } ],
        "responses" : {
          "200" : {
            "description" : "a CreateSubAccountResponse to be returned",
            "schema" : {
              "$ref" : "#/definitions/CreateSubAccountResponse"
            }
          }
        }
      }
    },
    "/api/plivo/Account/GetAllSubAccounts" : {
      "post" : {
        "description" : "Rest Service of Plivo GetAllSubAccounts",
        "operationId" : "post-api-plivo-Account-GetAllSubAccounts",
        "consumes" : [ "application/json" ],
        "produces" : [ "application/json" ],
        "parameters" : [ {
          "name" : "body",
          "in" : "body",
          "description" : "",
          "schema" : {
            "$ref" : "#/definitions/GetAllSubAccountsRequest"
          },
          "required" : true
        } ],
        "responses" : {
          "200" : {
            "description" : "a GetAllSubAccountsResponse to be returned",
            "schema" : {
              "$ref" : "#/definitions/GetAllSubAccountsResponse"
            }
          }
        }
      }
    },
    "/api/plivo/Account/GetAccountDetails" : {
      "post" : {
        "description" : "Rest Service of Plivo GetAccountDetails",
        "operationId" : "post-api-plivo-Account-GetAccountDetails",
        "consumes" : [ "application/json" ],
        "produces" : [ "application/json" ],
        "parameters" : [ {
          "name" : "body",
          "in" : "body",
          "description" : "",
          "schema" : {
            "$ref" : "#/definitions/GetAccountDetailsRequest"
          },
          "required" : true
        } ],
        "responses" : {
          "200" : {
            "description" : "a GetAccountDetailsResponse to be returned",
            "schema" : {
              "$ref" : "#/definitions/GetAccountDetailsResponse"
            }
          }
        }
      }
    },
    "/api/plivo/Account/ModifySubAccount" : {
      "post" : {
        "description" : "Rest Service of Plivo ModifySubAccount",
        "operationId" : "post-api-plivo-Account-ModifySubAccount",
        "consumes" : [ "application/json" ],
        "produces" : [ "application/json" ],
        "parameters" : [ {
          "name" : "body",
          "in" : "body",
          "description" : "",
          "schema" : {
            "$ref" : "#/definitions/ModifySubAccountRequest"
          },
          "required" : true
        } ],
        "responses" : {
          "200" : {
            "description" : "a ModifySubAccountResponse to be returned",
            "schema" : {
              "$ref" : "#/definitions/ModifySubAccountResponse"
            }
          }
        }
      }
    },
    "/api/plivo/Account/GetSubAccountDetails" : {
      "post" : {
        "description" : "Rest Service of Plivo GetSubAccountDetails",
        "operationId" : "post-api-plivo-Account-GetSubAccountDetails",
        "consumes" : [ "application/json" ],
        "produces" : [ "application/json" ],
        "parameters" : [ {
          "name" : "body",
          "in" : "body",
          "description" : "",
          "schema" : {
            "$ref" : "#/definitions/GetSubAccountDetailsRequest"
          },
          "required" : true
        } ],
        "responses" : {
          "200" : {
            "description" : "a GetSubAccountDetailsResponse to be returned",
            "schema" : {
              "$ref" : "#/definitions/GetSubAccountDetailsResponse"
            }
          }
        }
      }
    }
  },
  "definitions" : {
    "PlivoModifyAccountResponse" : {
      "type" : "object",
      "required" : [ "api_id", "message" ],
      "properties" : {
        "api_id" : {
          "type" : "string"
        },
        "message" : {
          "type" : "string"
        }
      }
    },
    "GetSubAccountDetailsRequest" : {
      "type" : "object",
      "required" : [ "Authorization", "PlivoGetSubAccountDetailsRequest" ],
      "properties" : {
        "Authorization" : {
          "$ref" : "#/definitions/Authorization"
        },
        "PlivoGetSubAccountDetailsRequest" : {
          "$ref" : "#/definitions/PlivoGetSubAccountDetailsRequest"
        }
      }
    },
    "objects" : {
      "type" : "object",
      "required" : [ "auth_id", "created", "resource_uri", "name", "modified", "auth_token", "account", "enabled" ],
      "properties" : {
        "account" : {
          "type" : "string"
        },
        "auth_id" : {
          "type" : "string"
        },
        "auth_token" : {
          "type" : "string"
        },
        "created" : {
          "type" : "string"
        },
        "enabled" : {
          "type" : "string"
        },
        "modified" : {
          "type" : "string"
        },
        "name" : {
          "type" : "string"
        },
        "resource_uri" : {
          "type" : "string"
        }
      }
    },
    "PlivoGetAllSubAccountsRequest" : {
      "type" : "object",
      "required" : [ ],
      "properties" : {
        "limit" : {
          "type" : "string"
        },
        "offset" : {
          "type" : "string"
        }
      }
    },
    "Authorization" : {
      "type" : "object",
      "required" : [ "AuthID", "AuthToken" ],
      "properties" : {
        "AuthID" : {
          "type" : "string"
        },
        "AuthToken" : {
          "type" : "string"
        }
      }
    },
    "GetAccountDetailsResponse" : {
      "type" : "object",
      "required" : [ "FaultDetail", "PlivoGetAccountDetailsResponse" ],
      "properties" : {
        "PlivoGetAccountDetailsResponse" : {
          "$ref" : "#/definitions/PlivoGetAccountDetailsResponse"
        },
        "FaultDetail" : {
          "$ref" : "#/definitions/FaultDetail"
        }
      }
    },
    "ModifyAccountResponse" : {
      "type" : "object",
      "required" : [ "PlivoModifyAccountResponse", "FaultDetail" ],
      "properties" : {
        "PlivoModifyAccountResponse" : {
          "$ref" : "#/definitions/PlivoModifyAccountResponse"
        },
        "FaultDetail" : {
          "$ref" : "#/definitions/FaultDetail"
        }
      }
    },
    "PlivoCreateSubAccountResponse" : {
      "type" : "object",
      "required" : [ "api_id", "auth_id", "message", "auth_token" ],
      "properties" : {
        "api_id" : {
          "type" : "string"
        },
        "message" : {
          "type" : "string"
        },
        "auth_id" : {
          "type" : "string"
        },
        "auth_token" : {
          "type" : "string"
        }
      }
    },
    "CreateSubAccountRequest" : {
      "type" : "object",
      "required" : [ "Authorization", "PlivoCreateSubAccountRequest" ],
      "properties" : {
        "Authorization" : {
          "$ref" : "#/definitions/Authorization"
        },
        "PlivoCreateSubAccountRequest" : {
          "$ref" : "#/definitions/PlivoCreateSubAccountRequest"
        }
      }
    },
    "PlivoModifySubAccountRequest" : {
      "type" : "object",
      "required" : [ "name" ],
      "properties" : {
        "name" : {
          "type" : "string"
        },
        "enabled" : {
          "type" : "string"
        }
      }
    },
    "DeleteSubAccountRequest" : {
      "type" : "object",
      "required" : [ "Authorization", "PlivoDeleteSubAccountRequest" ],
      "properties" : {
        "Authorization" : {
          "$ref" : "#/definitions/Authorization"
        },
        "PlivoDeleteSubAccountRequest" : {
          "$ref" : "#/definitions/PlivoDeleteSubAccountRequest"
        }
      }
    },
    "PlivoGetAccountDetailsResponse" : {
      "type" : "object",
      "required" : [ "api_id", "auto_recharge", "account_type", "address", "auth_id", "billing_mode", "city", "timezone", "resource_uri", "name", "cash_credits", "state" ],
      "properties" : {
        "account_type" : {
          "type" : "string"
        },
        "address" : {
          "type" : "string"
        },
        "api_id" : {
          "type" : "string"
        },
        "auth_id" : {
          "type" : "string"
        },
        "auto_recharge" : {
          "type" : "string"
        },
        "billing_mode" : {
          "type" : "string"
        },
        "cash_credits" : {
          "type" : "string"
        },
        "city" : {
          "type" : "string"
        },
        "name" : {
          "type" : "string"
        },
        "resource_uri" : {
          "type" : "string"
        },
        "state" : {
          "type" : "string"
        },
        "timezone" : {
          "type" : "string"
        }
      }
    },
    "GetAllSubAccountsRequest" : {
      "type" : "object",
      "required" : [ "Authorization", "PlivoGetAllSubAccountsRequest" ],
      "properties" : {
        "Authorization" : {
          "$ref" : "#/definitions/Authorization"
        },
        "PlivoGetAllSubAccountsRequest" : {
          "$ref" : "#/definitions/PlivoGetAllSubAccountsRequest"
        }
      }
    },
    "PlivoModifyAccountRequest" : {
      "type" : "object",
      "required" : [ ],
      "properties" : {
        "name" : {
          "type" : "string"
        },
        "city" : {
          "type" : "string"
        },
        "address" : {
          "type" : "string"
        },
        "timezone" : {
          "type" : "string"
        }
      }
    },
    "PlivoGetAllSubAccountsResponse" : {
      "type" : "object",
      "required" : [ "api_id", "meta" ],
      "properties" : {
        "api_id" : {
          "type" : "string"
        },
        "meta" : {
          "$ref" : "#/definitions/meta"
        },
        "objects" : {
          "type" : "array",
          "items" : {
            "$ref" : "#/definitions/objects",
            "uniqueItems" : false
          }
        }
      }
    },
    "PlivoCreateSubAccountRequest" : {
      "type" : "object",
      "required" : [ "name" ],
      "properties" : {
        "name" : {
          "type" : "string"
        },
        "enabled" : {
          "type" : "string"
        }
      }
    },
    "PlivoGetSubAccountDetailsRequest" : {
      "type" : "object",
      "required" : [ "subauth_id" ],
      "properties" : {
        "subauth_id" : {
          "type" : "string"
        }
      }
    },
    "GetSubAccountDetailsResponse" : {
      "type" : "object",
      "required" : [ "FaultDetail", "PlivoGetSubAccountDetailsResponse" ],
      "properties" : {
        "PlivoGetSubAccountDetailsResponse" : {
          "$ref" : "#/definitions/PlivoGetSubAccountDetailsResponse"
        },
        "FaultDetail" : {
          "$ref" : "#/definitions/FaultDetail"
        }
      }
    },
    "PlivoGetSubAccountDetailsResponse" : {
      "type" : "object",
      "required" : [ "api_id", "auth_id", "created", "resource_uri", "name", "modified", "auth_token", "account", "enabled", "new_auth_token" ],
      "properties" : {
        "api_id" : {
          "type" : "string"
        },
        "account" : {
          "type" : "string"
        },
        "auth_id" : {
          "type" : "string"
        },
        "auth_token" : {
          "type" : "string"
        },
        "created" : {
          "type" : "string"
        },
        "enabled" : {
          "type" : "string"
        },
        "modified" : {
          "type" : "string"
        },
        "name" : {
          "type" : "string"
        },
        "new_auth_token" : {
          "type" : "string"
        },
        "resource_uri" : {
          "type" : "string"
        }
      }
    },
    "GetAllSubAccountsResponse" : {
      "type" : "object",
      "required" : [ "PlivoGetAllSubAccountsResponse", "FaultDetail" ],
      "properties" : {
        "PlivoGetAllSubAccountsResponse" : {
          "$ref" : "#/definitions/PlivoGetAllSubAccountsResponse"
        },
        "FaultDetail" : {
          "$ref" : "#/definitions/FaultDetail"
        }
      }
    },
    "GetAccountDetailsRequest" : {
      "type" : "object",
      "required" : [ "Authorization" ],
      "properties" : {
        "Authorization" : {
          "$ref" : "#/definitions/Authorization"
        }
      }
    },
    "ModifySubAccountRequest" : {
      "type" : "object",
      "required" : [ "Authorization", "PlivoModifySubAccountRequest", "subauth_id" ],
      "properties" : {
        "Authorization" : {
          "$ref" : "#/definitions/Authorization"
        },
        "PlivoModifySubAccountRequest" : {
          "$ref" : "#/definitions/PlivoModifySubAccountRequest"
        },
        "subauth_id" : {
          "type" : "string"
        }
      }
    },
    "CreateSubAccountResponse" : {
      "type" : "object",
      "required" : [ "PlivoCreateSubAccountResponse", "FaultDetail" ],
      "properties" : {
        "PlivoCreateSubAccountResponse" : {
          "$ref" : "#/definitions/PlivoCreateSubAccountResponse"
        },
        "FaultDetail" : {
          "$ref" : "#/definitions/FaultDetail"
        }
      }
    },
    "ModifyAccountRequest" : {
      "type" : "object",
      "required" : [ "Authorization", "PlivoModifyAccountRequest" ],
      "properties" : {
        "Authorization" : {
          "$ref" : "#/definitions/Authorization"
        },
        "PlivoModifyAccountRequest" : {
          "$ref" : "#/definitions/PlivoModifyAccountRequest"
        }
      }
    },
    "meta" : {
      "type" : "object",
      "required" : [ "next", "offset", "previous", "total_count", "limit" ],
      "properties" : {
        "limit" : {
          "type" : "string"
        },
        "next" : {
          "type" : "string"
        },
        "offset" : {
          "type" : "string"
        },
        "previous" : {
          "type" : "string"
        },
        "total_count" : {
          "type" : "string"
        }
      }
    },
    "FaultDetail" : {
      "type" : "object",
      "required" : [ "Msg", "ActivityName", "StackTrace", "ProcessStack" ],
      "properties" : {
        "ActivityName" : {
          "type" : "string"
        },
        "Data" : {
          "type" : "string"
        },
        "Msg" : {
          "type" : "string"
        },
        "MsgCode" : {
          "type" : "string"
        },
        "ProcessStack" : {
          "type" : "string"
        },
        "StackTrace" : {
          "type" : "string"
        }
      }
    },
    "ModifySubAccountResponse" : {
      "type" : "object",
      "required" : [ "FaultDetail", "PlivoModifySubAccountResponse" ],
      "properties" : {
        "PlivoModifySubAccountResponse" : {
          "$ref" : "#/definitions/PlivoModifySubAccountResponse"
        },
        "FaultDetail" : {
          "$ref" : "#/definitions/FaultDetail"
        }
      }
    },
    "PlivoDeleteSubAccountRequest" : {
      "type" : "object",
      "required" : [ "subauth_id" ],
      "properties" : {
        "subauth_id" : {
          "type" : "string"
        }
      }
    },
    "PlivoModifySubAccountResponse" : {
      "type" : "object",
      "required" : [ "api_id", "message" ],
      "properties" : {
        "api_id" : {
          "type" : "string"
        },
        "message" : {
          "type" : "string"
        }
      }
    },
    "DeleteSubAccountResponse" : {
      "type" : "object",
      "required" : [ "FaultDetail", "StatusCode" ],
      "properties" : {
        "StatusCode" : {
          "type" : "string"
        },
        "FaultDetail" : {
          "$ref" : "#/definitions/FaultDetail"
        }
      }
    }
  }
}