{
  "swagger" : "2.0",
  "info" : {
    "version" : "1.0",
    "title" : "Summary about the new REST service.",
    "description" : "Summary about the new REST service."
  },
  "host" : "localhost:8080",
  "basePath" : "/",
  "schemes" : [ "http" ],
  "consumes" : [ "application/json" ],
  "produces" : [ "application/json" ],
  "paths" : {
    "/api/twilio/SMS/RetrieveAllSMS" : {
      "post" : {
        "description" : "",
        "operationId" : "post-api-twilio-SMS-RetrieveAllSMS",
        "consumes" : [ "application/json" ],
        "produces" : [ "application/json" ],
        "parameters" : [ {
          "name" : "body",
          "in" : "body",
          "description" : "",
          "schema" : {
            "$ref" : "#/definitions/RetriveAllSMSRequest"
          },
          "required" : true
        } ],
        "responses" : {
          "200" : {
            "description" : "a RetriveAllSMSResponse to be returned",
            "schema" : {
              "$ref" : "#/definitions/RetriveAllSMSResponse"
            }
          }
        }
      }
    },
    "/api/twilio/SMS/RetrieveSMS" : {
      "post" : {
        "description" : "",
        "operationId" : "post-api-twilio-SMS-RetrieveSMS",
        "consumes" : [ "application/json" ],
        "produces" : [ "application/json" ],
        "parameters" : [ {
          "name" : "body",
          "in" : "body",
          "description" : "",
          "schema" : {
            "$ref" : "#/definitions/RetrieveSMSRequest"
          },
          "required" : true
        } ],
        "responses" : {
          "200" : {
            "description" : "a RetrieveSMSResponse to be returned",
            "schema" : {
              "$ref" : "#/definitions/RetrieveSMSResponse"
            }
          }
        }
      }
    },
    "/api/twilio/SMS/SendSMS" : {
      "post" : {
        "description" : "",
        "operationId" : "post-api-twilio-SMS-SendSMS",
        "consumes" : [ "application/json" ],
        "produces" : [ "application/json" ],
        "parameters" : [ {
          "name" : "body",
          "in" : "body",
          "description" : "",
          "schema" : {
            "$ref" : "#/definitions/SendSMSRequest"
          },
          "required" : true
        } ],
        "responses" : {
          "200" : {
            "description" : "a SendSMSResponse to be returned",
            "schema" : {
              "$ref" : "#/definitions/SendSMSResponse"
            }
          }
        }
      }
    }
  },
  "definitions" : {
    "Authorization" : {
      "type" : "object",
      "required" : [ "AccountID", "AuthenticationToken" ],
      "properties" : {
        "AccountID" : {
          "type" : "string"
        },
        "AuthenticationToken" : {
          "type" : "string"
        }
      }
    },
    "SendSMSResponse" : {
      "type" : "object",
      "required" : [ "SMSMessage", "FaultDetail" ],
      "properties" : {
        "SMSMessage" : {
          "$ref" : "#/definitions/SMSMessage"
        },
        "FaultDetail" : {
          "$ref" : "#/definitions/FaultDetail"
        }
      }
    },
    "RetrieveSMSRequest" : {
      "type" : "object",
      "required" : [ "Authorization", "MessageID" ],
      "properties" : {
        "Authorization" : {
          "$ref" : "#/definitions/Authorization"
        },
        "MessageID" : {
          "type" : "string"
        }
      }
    },
    "RetriveAllSMSResponse" : {
      "type" : "object",
      "required" : [ "Messages", "FaultDetail" ],
      "properties" : {
        "Messages" : {
          "$ref" : "#/definitions/Messages"
        },
        "FaultDetail" : {
          "$ref" : "#/definitions/FaultDetail"
        }
      }
    },
    "Messages" : {
      "type" : "object",
      "required" : [ "PageSize", "PageNo" ],
      "properties" : {
        "PageNo" : {
          "type" : "integer"
        },
        "PageSize" : {
          "type" : "integer"
        },
        "FirstPage" : {
          "type" : "string"
        },
        "NextPage" : {
          "type" : "string"
        },
        "PreviousPage" : {
          "type" : "string"
        },
        "Message" : {
          "type" : "array",
          "items" : {
            "$ref" : "#/definitions/Message",
            "uniqueItems" : false
          }
        }
      }
    },
    "SMSMessage" : {
      "type" : "object",
      "required" : [ "Status", "ApiVersion", "DateUpdated", "DateCreated", "NumSegments", "From", "Direction", "URI", "AccountSid", "Sid", "DateSent", "PriceUnit", "Price", "To", "NumberOfMedias", "Body" ],
      "properties" : {
        "Sid" : {
          "type" : "string"
        },
        "DateCreated" : {
          "type" : "string"
        },
        "DateUpdated" : {
          "type" : "string"
        },
        "DateSent" : {
          "type" : "string"
        },
        "AccountSid" : {
          "type" : "string"
        },
        "To" : {
          "type" : "string"
        },
        "From" : {
          "type" : "string"
        },
        "Body" : {
          "type" : "string"
        },
        "Status" : {
          "type" : "string"
        },
        "Direction" : {
          "type" : "string"
        },
        "NumSegments" : {
          "type" : "string"
        },
        "NumberOfMedias" : {
          "type" : "string"
        },
        "ApiVersion" : {
          "type" : "string"
        },
        "Price" : {
          "type" : "string"
        },
        "PriceUnit" : {
          "type" : "string"
        },
        "URI" : {
          "type" : "string"
        },
        "ErrorCode" : {
          "type" : "string"
        },
        "ErrorMessage" : {
          "type" : "string"
        },
        "SubResourceURI" : {
          "type" : "string"
        }
      }
    },
    "Message" : {
      "type" : "object",
      "required" : [ "Status", "ApiVersion", "DateUpdated", "DateCreated", "NumSegments", "From", "Direction", "URI", "AccountSid", "Sid", "DateSent", "PriceUnit", "Price", "To", "NumberOfMedias", "Body" ],
      "properties" : {
        "Sid" : {
          "type" : "string"
        },
        "DateCreated" : {
          "type" : "string"
        },
        "DateUpdated" : {
          "type" : "string"
        },
        "DateSent" : {
          "type" : "string"
        },
        "AccountSid" : {
          "type" : "string"
        },
        "To" : {
          "type" : "string"
        },
        "From" : {
          "type" : "string"
        },
        "Body" : {
          "type" : "string"
        },
        "Status" : {
          "type" : "string"
        },
        "Direction" : {
          "type" : "string"
        },
        "NumSegments" : {
          "type" : "string"
        },
        "NumberOfMedias" : {
          "type" : "string"
        },
        "ApiVersion" : {
          "type" : "string"
        },
        "Price" : {
          "type" : "string"
        },
        "PriceUnit" : {
          "type" : "string"
        },
        "URI" : {
          "type" : "string"
        },
        "ErrorCode" : {
          "type" : "string"
        },
        "ErrorMessage" : {
          "type" : "string"
        },
        "SubResourceURI" : {
          "type" : "string"
        }
      }
    },
    "TwilioRequest" : {
      "type" : "object",
      "required" : [ "To", "From", "Body" ],
      "properties" : {
        "To" : {
          "type" : "string"
        },
        "From" : {
          "type" : "string"
        },
        "Body" : {
          "type" : "string"
        },
        "MediaURL" : {
          "type" : "string"
        },
        "StatusCallback" : {
          "type" : "string"
        }
      }
    },
    "RetriveAllSMSRequest" : {
      "type" : "object",
      "required" : [ "Authorization" ],
      "properties" : {
        "Authorization" : {
          "$ref" : "#/definitions/Authorization"
        },
        "To" : {
          "type" : "string"
        },
        "From" : {
          "type" : "string"
        },
        "DateSent" : {
          "type" : "string"
        },
        "PageNo" : {
          "type" : "integer"
        },
        "PageSize" : {
          "type" : "integer"
        },
        "PageToken" : {
          "type" : "string"
        }
      }
    },
    "FaultDetail" : {
      "type" : "object",
      "required" : [ "Msg", "ActivityName", "StackTrace", "ProcessStack" ],
      "properties" : {
        "ActivityName" : {
          "type" : "string"
        },
        "Data" : {
          "type" : "string"
        },
        "Msg" : {
          "type" : "string"
        },
        "MsgCode" : {
          "type" : "string"
        },
        "ProcessStack" : {
          "type" : "string"
        },
        "StackTrace" : {
          "type" : "string"
        }
      }
    },
    "RetrieveSMSResponse" : {
      "type" : "object",
      "required" : [ "Message", "FaultDetail" ],
      "properties" : {
        "Message" : {
          "$ref" : "#/definitions/Message"
        },
        "FaultDetail" : {
          "$ref" : "#/definitions/FaultDetail"
        }
      }
    },
    "SendSMSRequest" : {
      "type" : "object",
      "required" : [ "Authorization", "TwilioRequest" ],
      "properties" : {
        "Authorization" : {
          "$ref" : "#/definitions/Authorization"
        },
        "TwilioRequest" : {
          "$ref" : "#/definitions/TwilioRequest"
        }
      }
    }
  }
}