{
    "records": [{
        "name": "Cloud",
        "items": [],
        "url": "https://integration.cloud.tibco.com:443"
    }],
    "resources": [
        {
            "location": "Service Descriptors/marketo.Resource-Resource.json",
            "type": "generated"
        },
        {
            "location": "Service Descriptors/marketo.InsertLead-Resource.json",
            "type": "generated"
        },
        {
            "location": "Service Descriptors/tibco.tci.samples.marketo.InsertLead-Resource.json",
            "type": "generated"
        }
    ]
}