{
    "records": [{
        "name": "Cloud",
        "items": [],
        "url": "https://integration.cloud.tibco.com:443"
    }],
    "resources": [
        {
            "location": "Service Descriptors/dropboxconnector.DownloadFile-DownloadFile.json",
            "type": "generated"
        },
        {
            "location": "Service Descriptors/dropboxconnector.GetMetaData-GetMetaData.json",
            "type": "generated"
        },
        {
            "location": "Service Descriptors/dropboxconnector.DeleteFileFolder-DeleteFileFolder.json",
            "type": "generated"
        },
        {
            "location": "Service Descriptors/dropboxconnector.UploadFile-UploadFile.json",
            "type": "generated"
        },
        {
            "location": "Service Descriptors/dropboxconnector.MoveCopyFile-MoveCopyFile.json",
            "type": "generated"
        },
        {
            "location": "Service Descriptors/dropboxconnector.SessionFileUpload-Resource.json",
            "type": "generated"
        },
        {
            "location": "Service Descriptors/dropboxconnector.SearchFile-SearchFile.json",
            "type": "generated"
        },
        {
            "location": "Service Descriptors/dropboxconnector.CreateFolder-createFolder.json",
            "type": "generated"
        },
        {
            "location": "Service Descriptors/dropboxconnector.CreateFolder-Resource1.json",
            "type": "generated"
        },
        {
            "location": "Service Descriptors/dropboxconnector.ListFolder-ListFolder.json",
            "type": "generated"
        },
        {
            "location": "Service Descriptors/dropboxconnector.CreateFolder-CreateFolder.json",
            "type": "generated"
        },
        {
            "location": "Service Descriptors/dropboxconnector.Create_folder-createFolder.json",
            "type": "generated"
        },
        {
            "location": "Service Descriptors/dropboxconnector.List_Folder-ListFolder.json",
            "type": "generated"
        },
        {
            "location": "Service Descriptors/dropboxconnector.ListRevisions-ListRevisions.json",
            "type": "generated"
        },
        {
            "location": "Service Descriptors/dropboxconnector.Restore-restore.json",
            "type": "generated"
        }
    ]
}