{
  "swagger" : "2.0",
  "info" : {
    "version" : "1.0",
    "title" : "OAuth2 Token Authentication  REST service",
    "description" : "OAuth2 Token Authentication  REST service.Retrieves the token portion of the OAuth 2.0 specification.Following Parameters are required username,password,client_id,client_secret,platform."
  },
  "host" : "localhost:8080",
  "basePath" : "/",
  "schemes" : [ "http" ],
  "consumes" : [ "application/json" ],
  "produces" : [ "application/json" ],
  "paths" : {
    "/rest/v10/oauth2/token" : {
      "get" : {
        "description" : "",
        "operationId" : "get-rest-v10-oauth2-token",
        "consumes" : [ "application/json" ],
        "produces" : [ "application/json" ],
        "parameters" : [ ],
        "responses" : {
          "200" : {
            "description" : "a string to be returned",
            "schema" : {
              "type" : "array",
              "items" : {
                "type" : "string",
                "uniqueItems" : false
              }
            }
          }
        }
      }
    }
  },
  "definitions" : { }
}