{
  "swagger" : "2.0",
  "info" : {
    "version" : "1.0",
    "title" : "SugarCRM GlobalSearch REST service.",
    "description" : "SugarCRM GlobalSearch REST service."
  },
  "host" : "localhost:8080",
  "basePath" : "/",
  "schemes" : [ "http" ],
  "paths" : {
    "/search/simplesearch?q={str}" : {
      "get" : {
        "description" : "SugarCRM GlobalSearch endpoint exposes the global search capability using solely the Elasticsearch backend as an alternative to the /search endpoint..",
        "operationId" : "get-search-simplesearch",
        "consumes" : [ "application/json" ],
        "produces" : [ "application/json" ],
        "parameters" : [ {
          "name" : "access_token",
          "in" : "query",
          "description" : "",
          "type" : "string",
          "required" : true
        }, {
          "name" : "str",
          "in" : "query",
          "description" : "",
          "type" : "string",
          "required" : false
        } ],
        "responses" : {
          "200" : {
            "description" : "a string to be returned",
            "schema" : {
              "type" : "string"
            }
          }
        }
      }
    },
    "/search/globalsearch?q={str}" : {
      "get" : {
        "description" : "SugarCRM Search Endpoint to do simple search.",
        "operationId" : "get-search-globalsearch",
        "consumes" : [ "application/json" ],
        "produces" : [ "application/json" ],
        "parameters" : [ {
          "name" : "access_token",
          "in" : "query",
          "description" : "",
          "type" : "string",
          "required" : true
        }, {
          "name" : "str",
          "in" : "query",
          "description" : "",
          "type" : "string",
          "required" : false
        } ],
        "responses" : {
          "200" : {
            "description" : "a string to be returned",
            "schema" : {
              "type" : "string"
            }
          }
        }
      }
    }
  },
  "definitions" : { }
}