{
  "swagger" : "2.0",
  "info" : {
    "version" : "1.0",
    "title" : "SugarCRM Opportunities REST service.",
    "description" : "SugarCRM Opportunities REST service."
  },
  "host" : "localhost:8080",
  "basePath" : "/",
  "schemes" : [ "http" ],
  "paths" : {
    "/Opportunities" : {
      "post" : {
        "description" : "AddOpportinities: Create New SugarCRM Opportunity ",
        "operationId" : "post-Opportunities",
        "consumes" : [ "application/json" ],
        "produces" : [ "application/json" ],
        "parameters" : [ {
          "name" : "body",
          "in" : "body",
          "description" : "",
          "schema" : {
            "$ref" : "#/definitions/AddOpportunitiesElement"
          },
          "required" : true
        } ],
        "responses" : {
          "200" : {
            "description" : "a string to be returned",
            "schema" : {
              "type" : "string"
            }
          }
        }
      },
      "get" : {
        "description" : "GetOpportunities : Retrieves existing SugarCRM Opportunity ",
        "operationId" : "get-Opportunities",
        "consumes" : [ "application/json" ],
        "produces" : [ "application/json" ],
        "parameters" : [ {
          "name" : "access_token",
          "in" : "query",
          "description" : "",
          "type" : "string",
          "required" : false
        }, {
          "name" : "oid",
          "in" : "query",
          "description" : "",
          "type" : "string",
          "required" : false
        } ],
        "responses" : {
          "200" : {
            "description" : "a string to be returned",
            "schema" : {
              "type" : "string"
            }
          }
        }
      },
      "put" : {
        "description" : "UpdateOpportunities : Update existing SugarCRM Opportunities ",
        "operationId" : "put-Opportunities",
        "consumes" : [ "application/json" ],
        "produces" : [ "application/json" ],
        "parameters" : [ {
          "name" : "body",
          "in" : "body",
          "description" : "",
          "schema" : {
            "$ref" : "#/definitions/UpdateOpportunitiesElement"
          },
          "required" : true
        } ],
        "responses" : {
          "200" : {
            "description" : "a string to be returned",
            "schema" : {
              "type" : "string"
            }
          }
        }
      },
      "delete" : {
        "description" : "DeleteOpportunities : Delete existing SugarCRM Opportunity",
        "operationId" : "delete-Opportunities",
        "consumes" : [ "application/json" ],
        "produces" : [ "application/json" ],
        "parameters" : [ {
          "name" : "access_token",
          "in" : "query",
          "description" : "",
          "type" : "string",
          "required" : false
        }, {
          "name" : "oid",
          "in" : "query",
          "description" : "",
          "type" : "string",
          "required" : false
        } ],
        "responses" : {
          "200" : {
            "description" : "a string to be returned",
            "schema" : {
              "type" : "string"
            }
          }
        }
      }
    }
  },
  "definitions" : {
    "UpdateOpportunitiesElement" : {
      "type" : "object",
      "properties" : {
        "access_token" : {
          "type" : "string"
        },
        "id" : {
          "type" : "string"
        },
        "name" : {
          "type" : "string"
        },
        "description" : {
          "type" : "string"
        },
        "date_closed" : {
          "type" : "string"
        },
        "opportunity_type" : {
          "type" : "string"
        },
        "account_name" : {
          "type" : "string"
        },
        "amount" : {
          "type" : "string"
        },
        "best_case" : {
          "type" : "string"
        },
        "worst_case" : {
          "type" : "string"
        },
        "probability" : {
          "type" : "integer"
        },
        "sales_stage" : {
          "type" : "string"
        },
        "commit_stage" : {
          "type" : "string"
        },
        "tag" : {
          "type" : "string"
        },
        "_module" : {
          "type" : "string"
        }
      }
    },
    "AddOpportunitiesElement" : {
      "type" : "object",
      "properties" : {
        "access_token" : {
          "type" : "string"
        },
        "name" : {
          "type" : "string"
        },
        "description" : {
          "type" : "string"
        },
        "date_closed" : {
          "type" : "string"
        },
        "opportunity_type" : {
          "type" : "string"
        },
        "account_name" : {
          "type" : "string"
        },
        "amount" : {
          "type" : "string"
        },
        "best_case" : {
          "type" : "string"
        },
        "worst_case" : {
          "type" : "string"
        },
        "probability" : {
          "type" : "integer"
        },
        "sales_stage" : {
          "type" : "string"
        },
        "commit_stage" : {
          "type" : "string"
        },
        "tag" : {
          "type" : "string"
        },
        "_module" : {
          "type" : "string"
        }
      }
    }
  }
}