{
  "swagger" : "2.0",
  "info" : {
    "version" : "1.0",
    "title" : "SugarCRM Contacts REST service.",
    "description" : "SugarCRM Contacts REST service."
  },
  "host" : "localhost:8080",
  "basePath" : "/",
  "schemes" : [ "http" ],
  "paths" : {
    "/Contacts" : {
      "post" : {
        "description" : "AddContact : Creates New SugarCRM Contact ",
        "operationId" : "post-Contacts",
        "consumes" : [ "application/json" ],
        "produces" : [ "application/json", "application/xml" ],
        "parameters" : [ {
          "name" : "body",
          "in" : "body",
          "description" : "",
          "schema" : {
            "$ref" : "#/definitions/AddContactsJSONElement"
          },
          "required" : true
        }, {
          "name" : "access_token",
          "in" : "query",
          "description" : "",
          "type" : "string",
          "required" : true
        } ],
        "responses" : {
          "200" : {
            "description" : "a string to be returned",
            "schema" : {
              "type" : "string"
            }
          }
        }
      },
      "get" : {
        "description" : "GetContacts : Retrieves existing SugarCRM Contact",
        "operationId" : "get-Contacts",
        "consumes" : [ "application/json" ],
        "produces" : [ "application/json", "application/xml" ],
        "parameters" : [ {
          "name" : "access_token",
          "in" : "query",
          "description" : "",
          "type" : "string",
          "required" : false
        }, {
          "name" : "cid",
          "in" : "query",
          "description" : "",
          "type" : "string",
          "required" : false
        } ],
        "responses" : {
          "200" : {
            "description" : "a string to be returned",
            "schema" : {
              "type" : "string"
            }
          }
        }
      },
      "put" : {
        "description" : "UpdateContact : Updates existing  SugarCRM Contact",
        "operationId" : "put-Contacts",
        "consumes" : [ "application/json" ],
        "produces" : [ "application/json", "application/xml" ],
        "parameters" : [ {
          "name" : "body",
          "in" : "body",
          "description" : "",
          "schema" : {
            "$ref" : "#/definitions/UpdateContactsJSONElement"
          },
          "required" : true
        }, {
          "name" : "access_token",
          "in" : "query",
          "description" : "",
          "type" : "string",
          "required" : true
        }, {
          "name" : "cid",
          "in" : "query",
          "description" : "",
          "type" : "string",
          "required" : false
        } ],
        "responses" : {
          "200" : {
            "description" : "a string to be returned",
            "schema" : {
              "type" : "string"
            }
          }
        }
      },
      "delete" : {
        "description" : "DeleteContact : Deletes existing SugarCRM Contact",
        "operationId" : "delete-Contacts",
        "consumes" : [ "application/json" ],
        "produces" : [ "application/json", "application/xml" ],
        "parameters" : [ {
          "name" : "access_token",
          "in" : "query",
          "description" : "",
          "type" : "string",
          "required" : false
        }, {
          "name" : "cid",
          "in" : "query",
          "description" : "",
          "type" : "string",
          "required" : false
        } ],
        "responses" : {
          "200" : {
            "description" : "a string to be returned",
            "schema" : {
              "type" : "string"
            }
          }
        }
      }
    }
  },
  "definitions" : {
    "AddContactsJSONElement" : {
      "type" : "object",
      "properties" : {
        "first_name" : {
          "type" : "string"
        },
        "last_name" : {
          "type" : "string"
        },
        "title" : {
          "type" : "string"
        },
        "department" : {
          "type" : "string"
        },
        "account_name" : {
          "type" : "string"
        },
        "email" : {
          "type" : "string"
        },
        "_module" : {
          "type" : "string"
        }
      }
    },
    "UpdateContactsJSONElement" : {
      "type" : "object",
      "properties" : {
        "id" : {
          "type" : "string"
        },
        "first_name" : {
          "type" : "string"
        },
        "last_name" : {
          "type" : "string"
        },
        "title" : {
          "type" : "string"
        },
        "department" : {
          "type" : "string"
        },
        "account_name" : {
          "type" : "string"
        },
        "email" : {
          "type" : "string"
        },
        "_module" : {
          "type" : "string"
        }
      }
    }
  }
}