{
  "swagger" : "2.0",
  "info" : {
    "version" : "1.0",
    "title" : "SugarCRM Accounts REST service.",
    "description" : "SugarCRM Accounts REST service."
  },
  "host" : "localhost:8080",
  "basePath" : "/",
  "schemes" : [ "http" ],
  "consumes" : [ "application/json" ],
  "produces" : [ "application/json" ],
  "paths" : {
    "/Accounts" : {
      "post" : {
        "description" : "",
        "operationId" : "post-Accounts",
        "consumes" : [ "application/json", "application/xml" ],
        "produces" : [ "application/json", "application/xml" ],
        "parameters" : [ {
          "name" : "body",
          "in" : "body",
          "description" : "",
          "schema" : {
            "$ref" : "#/definitions/AddAccountsJSONElement"
          },
          "required" : true
        }, {
          "name" : "access-token",
          "in" : "query",
          "description" : "",
          "type" : "string",
          "required" : true
        } ],
        "responses" : {
          "200" : {
            "description" : "a string to be returned",
            "schema" : {
              "type" : "string"
            }
          }
        }
      },
      "get" : {
        "description" : "",
        "operationId" : "get-Accounts",
        "consumes" : [ "application/json", "application/xml" ],
        "produces" : [ "application/json", "application/xml" ],
        "parameters" : [ {
          "name" : "access-token",
          "in" : "query",
          "description" : "",
          "type" : "string",
          "required" : false
        }, {
          "name" : "id",
          "in" : "query",
          "description" : "",
          "type" : "string",
          "required" : false
        } ],
        "responses" : {
          "200" : {
            "description" : "a string to be returned",
            "schema" : {
              "type" : "string"
            }
          }
        }
      },
      "put" : {
        "description" : "",
        "operationId" : "put-Accounts",
        "consumes" : [ "application/json", "application/xml" ],
        "produces" : [ "application/json", "application/xml" ],
        "parameters" : [ {
          "name" : "body",
          "in" : "body",
          "description" : "",
          "schema" : {
            "$ref" : "#/definitions/UpdateAccountsElement"
          },
          "required" : true
        }, {
          "name" : "access_token",
          "in" : "query",
          "description" : "",
          "type" : "string",
          "required" : false
        }, {
          "name" : "id",
          "in" : "query",
          "description" : "",
          "type" : "string",
          "required" : false
        } ],
        "responses" : {
          "200" : {
            "description" : "a string to be returned",
            "schema" : {
              "type" : "string"
            }
          }
        }
      }
    }
  },
  "definitions" : {
    "AddAccountsJSONElement" : {
      "type" : "object",
      "required" : [ ],
      "properties" : {
        "name" : {
          "type" : "string"
        },
        "account_type" : {
          "type" : "string"
        },
        "description" : {
          "type" : "string"
        },
        "phone_office" : {
          "type" : "string"
        },
        "phone_alternate" : {
          "type" : "string"
        },
        "email" : {
          "type" : "string"
        },
        "email1" : {
          "type" : "string"
        },
        "email2" : {
          "type" : "string"
        },
        "website" : {
          "type" : "string"
        }
      }
    },
    "UpdateAccountsElement" : {
      "type" : "object",
      "required" : [ ],
      "properties" : {
        "access_token" : {
          "type" : "string"
        },
        "id" : {
          "type" : "string"
        },
        "name" : {
          "type" : "string"
        },
        "account_type" : {
          "type" : "string"
        },
        "description" : {
          "type" : "string"
        },
        "phone_office" : {
          "type" : "string"
        },
        "phone_alternate" : {
          "type" : "string"
        },
        "email" : {
          "type" : "string"
        },
        "email1" : {
          "type" : "string"
        },
        "email2" : {
          "type" : "string"
        },
        "website" : {
          "type" : "string"
        }
      }
    }
  }
}