{
  "swagger" : "2.0",
  "info" : {
    "version" : "1.0",
    "title" : "OAuth2 Token Authentication  REST service",
    "description" : "OAuth2 Token Authentication  REST service.Retrieves the token portion of the OAuth 2.0 specification.Following Parameters are required username,password,client_id,client_secret,platform."
  },
  "host" : "localhost:8080",
  "basePath" : "/",
  "schemes" : [ "http" ],
  "consumes" : [ "application/json" ],
  "produces" : [ "application/json" ],
  "paths" : {
    "/oauth2/token" : {
      "post" : {
        "description" : "",
        "operationId" : "post-oauth2-token",
        "consumes" : [ "multipart/form-data" ],
        "produces" : [ "application/json" ],
        "parameters" : [ {
          "name" : "password",
          "in" : "query",
          "description" : "",
          "type" : "string",
          "required" : false
        }, {
          "name" : "grant_type",
          "in" : "query",
          "description" : "",
          "type" : "string",
          "required" : false
        }, {
          "name" : "client_secret",
          "in" : "query",
          "description" : "",
          "type" : "string",
          "required" : false
        }, {
          "name" : "client_id",
          "in" : "query",
          "description" : "",
          "type" : "string",
          "required" : false
        }, {
          "name" : "platform",
          "in" : "query",
          "description" : "",
          "type" : "string",
          "required" : false
        }, {
          "name" : "username",
          "in" : "query",
          "description" : "",
          "type" : "string",
          "required" : false
        } ],
        "responses" : {
          "200" : {
            "description" : "a string to be returned",
            "schema" : {
              "type" : "string"
            }
          }
        }
      }
    }
  },
  "definitions" : { }
}