{
  "swagger" : "2.0",
  "info" : {
    "version" : "1.0",
    "title" : "REST API to check if access_token is valid.This endpoint does not accept any arguments.",
    "description" : "REST API to check if access_token is valid.This endpoint does not accept any arguments."
  },
  "host" : "localhost:8080",
  "basePath" : "/",
  "schemes" : [ "http" ],
  "paths" : {
    "/ping" : {
      "get" : {
        "description" : "PING : Service to check access_token is valid",
        "operationId" : "get-ping",
        "consumes" : [ "application/json" ],
        "produces" : [ "application/json" ],
        "parameters" : [ {
          "name" : "access_token",
          "in" : "query",
          "description" : "",
          "type" : "string",
          "required" : true
        } ],
        "responses" : {
          "200" : {
            "description" : "a string to be returned",
            "schema" : {
              "type" : "string"
            }
          }
        }
      }
    }
  },
  "definitions" : { }
}