{
  "swagger" : "2.0",
  "info" : {
    "version" : "1.0",
    "title" : "SugarCRM Leads REST service.",
    "description" : "SugarCRM Leads REST service."
  },
  "host" : "localhost:8080",
  "basePath" : "/",
  "schemes" : [ "http" ],
  "paths" : {
    "/Leads" : {
      "post" : {
        "description" : "AddLead : Create New  SugarCRM Lead",
        "operationId" : "post-Leads",
        "consumes" : [ "application/json" ],
        "produces" : [ "application/json", "application/xml" ],
        "parameters" : [ {
          "name" : "body",
          "in" : "body",
          "description" : "",
          "schema" : {
            "$ref" : "#/definitions/AddLeadsJSONElement"
          },
          "required" : true
        }, {
          "name" : "access_token",
          "in" : "query",
          "description" : "",
          "type" : "string",
          "required" : false
        } ],
        "responses" : {
          "200" : {
            "description" : "a string to be returned",
            "schema" : {
              "type" : "string"
            }
          }
        }
      },
      "get" : {
        "description" : "GetLeads : Retrieves  SugarCRM Lead/Leads",
        "operationId" : "get-Leads",
        "consumes" : [ "application/json" ],
        "produces" : [ "application/json" ],
        "parameters" : [ {
          "name" : "access_token",
          "in" : "query",
          "description" : "",
          "type" : "string",
          "required" : false
        }, {
          "name" : "lid",
          "in" : "query",
          "description" : "",
          "type" : "string",
          "required" : false
        } ],
        "responses" : {
          "200" : {
            "description" : "a string to be returned",
            "schema" : {
              "type" : "string"
            }
          }
        }
      },
      "put" : {
        "description" : "UpdateLead : Update existing SugarCRM Lead",
        "operationId" : "put-Leads",
        "consumes" : [ "application/json" ],
        "produces" : [ "application/json", "application/xml" ],
        "parameters" : [ {
          "name" : "body",
          "in" : "body",
          "description" : "",
          "schema" : {
            "$ref" : "#/definitions/UpdateLeadsJSONElement"
          },
          "required" : true
        }, {
          "name" : "access_token",
          "in" : "query",
          "description" : "",
          "type" : "string",
          "required" : false
        }, {
          "name" : "lid",
          "in" : "query",
          "description" : "",
          "type" : "string",
          "required" : false
        } ],
        "responses" : {
          "200" : {
            "description" : "a string to be returned",
            "schema" : {
              "type" : "string"
            }
          }
        }
      },
      "delete" : {
        "description" : "DeleteLeads : Delete existing  SugarCRM Lead",
        "operationId" : "delete-Leads",
        "consumes" : [ "application/json" ],
        "produces" : [ "application/json", "application/xml" ],
        "parameters" : [ {
          "name" : "access_token",
          "in" : "query",
          "description" : "",
          "type" : "string",
          "required" : false
        }, {
          "name" : "lid",
          "in" : "query",
          "description" : "",
          "type" : "string",
          "required" : false
        } ],
        "responses" : {
          "200" : {
            "description" : "a string to be returned",
            "schema" : {
              "type" : "string"
            }
          }
        }
      }
    }
  },
  "definitions" : {
    "AddLeadsJSONElement" : {
      "type" : "object",
      "properties" : {
        "first_name" : {
          "type" : "string"
        },
        "last_name" : {
          "type" : "string"
        },
        "title" : {
          "type" : "string"
        },
        "account_name" : {
          "type" : "string"
        },
        "website" : {
          "type" : "string"
        },
        "email" : {
          "type" : "string"
        },
        "_module" : {
          "type" : "string"
        }
      }
    },
    "UpdateLeadsJSONElement" : {
      "type" : "object",
      "properties" : {
        "id" : {
          "type" : "string"
        },
        "first_name" : {
          "type" : "string"
        },
        "last_name" : {
          "type" : "string"
        },
        "title" : {
          "type" : "string"
        },
        "account_name" : {
          "type" : "string"
        },
        "website" : {
          "type" : "string"
        },
        "email" : {
          "type" : "string"
        },
        "_module" : {
          "type" : "string"
        }
      }
    }
  }
}