{
  "swagger": "2.0",
  "info": {
    "version": "1.6",
    "title": "surveyResponses",
    "x-lastModified": "Aug 26, 2016 03:31AM PST"
  },
  "paths": {
    "/surveyResponse/{survey_id}/responses": {
      "get": {
        "produces": [
          "application/json"
        ],
        "responses": {
          "200": {
            "description": "Success response"
          }
        },
        "parameters": [
          {
            "name": "api_key",
            "in": "query",
            "description": "",
            "required": true,
            "type": "string",
            "format": "",
            "default": ""
          },
          {
            "name": "page",
            "in": "query",
            "description": "Which page of resources to return. Defaults to 1",
            "required": false,
            "type": "integer",
            "format": "int32",
            "default": 1
          },
          {
            "name": "per_page",
            "in": "query",
            "description": "Number of resources to return per page",
            "required": false,
            "type": "integer",
            "format": "int32"
          },
          {
            "name": "start_created_at",
            "in": "query",
            "description": "Responses started after this date",
            "required": false,
            "type": "string",
            "format": "date-time"
          },
          {
            "name": "end_created_at",
            "in": "query",
            "description": "Responses started before this date",
            "required": false,
            "type": "string",
            "format": "date-time"
          },
          {
            "name": "start_modified_at",
            "in": "query",
            "description": "Responses modified after this date",
            "required": false,
            "type": "string",
            "format": "date-time"
          },
          {
            "name": "end_modified_at",
            "in": "query",
            "description": "Responses modified before this date",
            "required": false,
            "type": "string",
            "format": "date-time"
          },
          {
            "name": "status",
            "in": "query",
            "description": "Status of the response [‘completed’, 'partial’, 'overquota’, 'disqualified’]",
            "required": false,
            "type": "string",
            "format": ""
          },
          {
            "name": "email",
            "in": "query",
            "description": "Email of the recipient",
            "required": false,
            "type": "string",
            "format": ""
          },
          {
            "name": "first_name",
            "in": "query",
            "description": "First Name of the recipient",
            "required": false,
            "type": "string",
            "format": ""
          },
          {
            "name": "last_name",
            "in": "query",
            "description": "Last Name of the recipient",
            "required": false,
            "type": "string",
            "format": ""
          },
          {
            "name": "ip",
            "in": "query",
            "description": "The IP the response was taken from",
            "required": false,
            "type": "string",
            "format": ""
          },
          {
            "name": "custom",
            "in": "query",
            "description": "The custom value associated with the response",
            "required": false,
            "type": "string",
            "format": ""
          },
          {
            "name": "total_time_max",
            "in": "query",
            "description": "The maximum amount of time spent on the response",
            "required": false,
            "type": "integer",
            "format": "int32"
          },
          {
            "name": "total_time_min",
            "in": "query",
            "description": "The minimum amount of time spent on the response",
            "required": false,
            "type": "integer",
            "format": "int32"
          },
          {
            "name": "total_time_units",
            "in": "query",
            "description": "Unit of time for total_time_min and total_time_max ['second’, 'minute’, 'hour’]",
            "required": false,
            "type": "string",
            "format": ""
          },
          {
            "name": "sort_order",
            "in": "query",
            "description": "Sort order: 'ASC’ or 'DESC’]",
            "required": false,
            "type": "string",
            "format": ""
          },
          {
            "name": "sort_by",
            "in": "query",
            "description": "Field used to sort returned responses ['date_modified’]",
            "required": false,
            "type": "string",
            "format": ""
          },
          {
            "name": "OAuth-key",
            "in": "header",
            "description": "",
            "required": true,
            "type": "string",
            "format": ""
          },
          {
            "name": "survey_id",
            "in": "path",
            "description": "survey id",
            "required": true,
            "type": "string",
            "format": ""
          }
        ]
      }
    },
    "/surveyResponse/{survey_id}/responses/bulk": {
      "get": {
        "produces": [
          "application/json"
        ],
        "responses": {
          "200": {
            "description": "Success response"
          }
        },
        "parameters": [
          {
            "name": "api_key",
            "in": "query",
            "description": "",
            "required": true,
            "type": "string",
            "format": "",
            "default": ""
          },
          {
            "name": "page",
            "in": "query",
            "description": "Page of resources to return. Defaults to 1",
            "required": false,
            "type": "integer",
            "format": "int32",
            "default": 1
          },
          {
            "name": "per_page",
            "in": "query",
            "description": "Number of resources to return per page. Max of 100 allowed per page.",
            "required": false,
            "type": "integer",
            "format": "int32"
          },
          {
            "name": "collector_ids",
            "in": "query",
            "description": "Only include responses for this list of collector IDs",
            "required": false,
            "type": "string",
            "format": "",
            "default": ""
          },
          {
            "name": "start_created_at",
            "in": "query",
            "description": "Responses started after this date",
            "required": false,
            "type": "string",
            "format": "date-time",
            "default": ""
          },
          {
            "name": "end_created_at",
            "in": "query",
            "description": "Responses started before this date",
            "required": false,
            "type": "string",
            "format": "date-time",
            "default": ""
          },
          {
            "name": "start_modified_at",
            "in": "query",
            "description": "Responses modified after this date",
            "required": false,
            "type": "string",
            "format": "date-time",
            "default": ""
          },
          {
            "name": "end_modified_at",
            "in": "query",
            "description": "Responses modified before this date",
            "required": false,
            "type": "string",
            "format": "date-time",
            "default": ""
          },
          {
            "name": "status",
            "in": "query",
            "description": "Status of the response ['completed’, 'partial’, 'overquota’, 'disqualified’]",
            "required": false,
            "type": "string",
            "format": "",
            "default": ""
          },
          {
            "name": "email",
            "in": "query",
            "description": "Email of the recipient",
            "required": false,
            "type": "string",
            "format": "",
            "default": ""
          },
          {
            "name": "first_name",
            "in": "query",
            "description": "First Name of the recipient",
            "required": false,
            "type": "string",
            "format": "",
            "default": ""
          },
          {
            "name": "last_name",
            "in": "query",
            "description": "Last Name of the recipient",
            "required": false,
            "type": "string",
            "format": "",
            "default": ""
          },
          {
            "name": "ip",
            "in": "query",
            "description": "The IP the response was taken from",
            "required": false,
            "type": "string",
            "format": "",
            "default": ""
          },
          {
            "name": "custom",
            "in": "query",
            "description": "The custom value associated with the response",
            "required": false,
            "type": "string",
            "format": "",
            "default": ""
          },
          {
            "name": "total_time_max",
            "in": "query",
            "description": "The maximum amount of time spent on the response",
            "required": false,
            "type": "integer",
            "format": "int32"
          },
          {
            "name": "total_time_min",
            "in": "query",
            "description": "The minimum amount of time spent on the response",
            "required": false,
            "type": "integer",
            "format": "int32"
          },
          {
            "name": "total_time_units",
            "in": "query",
            "description": "Unit of time for total_time_min and total_time_max: 'second’, 'minute’, or 'hour’",
            "required": false,
            "type": "string",
            "format": "",
            "default": ""
          },
          {
            "name": "sort_order",
            "in": "query",
            "description": "Sort order: 'ASC’ or 'DESC’",
            "required": false,
            "type": "string",
            "format": "",
            "default": ""
          },
          {
            "name": "sort_by",
            "in": "query",
            "description": "Field used to sort returned responses ['date_modified’]",
            "required": false,
            "type": "string",
            "format": "",
            "default": ""
          },
          {
            "name": "OAuth-key",
            "in": "header",
            "description": "",
            "required": true,
            "type": "string",
            "format": "",
            "default": ""
          },
          {
            "name": "survey_id",
            "in": "path",
            "description": "",
            "required": true,
            "type": "string",
            "format": ""
          }
        ]
      }
    },
    "/surveyResponse/{survey_id}/responses/{response_id}": {
      "get": {
        "produces": [
          "application/json"
        ],
        "responses": {
          "200": {
            "description": "Success response"
          }
        },
        "parameters": [
          {
            "name": "api_key",
            "in": "query",
            "description": "",
            "required": true,
            "type": "string",
            "format": "",
            "default": ""
          },
          {
            "name": "OAuth-key",
            "in": "header",
            "description": "",
            "required": true,
            "type": "string",
            "format": "",
            "default": ""
          },
          {
            "name": "survey_id",
            "in": "path",
            "description": "",
            "required": true,
            "type": "string",
            "format": ""
          },
          {
            "name": "response_id",
            "in": "path",
            "description": "",
            "required": true,
            "type": "string",
            "format": ""
          }
        ]
      },
      "put": {
        "produces": [
          "application/json"
        ],
        "responses": {
          "200": {
            "description": "Success response"
          }
        },
        "parameters": [
          {
            "name": "api_key",
            "in": "query",
            "description": "",
            "required": true,
            "type": "string",
            "format": "",
            "default": ""
          },
          {
            "name": "OAuth-key",
            "in": "header",
            "description": "",
            "required": true,
            "type": "string",
            "format": "",
            "default": ""
          },
          {
            "name": "body",
            "in": "body",
            "description": "",
            "schema": {
              "type": "string"
            }
          },
          {
            "name": "survey_id",
            "in": "path",
            "description": "",
            "required": true,
            "type": "string",
            "format": ""
          },
          {
            "name": "response_id",
            "in": "path",
            "description": "",
            "required": true,
            "type": "string",
            "format": ""
          }
        ],
        "consumes": [
          "application/json"
        ]
      },
      "delete": {
        "produces": [
          "application/json"
        ],
        "responses": {
          "200": {
            "description": "Success response"
          }
        },
        "parameters": [
          {
            "name": "api_key",
            "in": "query",
            "description": "",
            "required": true,
            "type": "string",
            "format": "",
            "default": ""
          },
          {
            "name": "OAuth-key",
            "in": "header",
            "description": "",
            "required": true,
            "type": "string",
            "format": "",
            "default": ""
          },
          {
            "name": "survey_id",
            "in": "path",
            "description": "",
            "required": true,
            "type": "string",
            "format": ""
          },
          {
            "name": "response_id",
            "in": "path",
            "description": "",
            "required": true,
            "type": "string",
            "format": ""
          }
        ]
      }
    },
    "/surveyResponse/{survey_id}/responses/{response_id}/details": {
      "get": {
        "produces": [
          "application/json"
        ],
        "responses": {
          "200": {
            "description": "Success response"
          }
        },
        "parameters": [
          {
            "name": "api_key",
            "in": "query",
            "description": "",
            "required": true,
            "type": "string",
            "format": "",
            "default": ""
          },
          {
            "name": "OAuth-key",
            "in": "header",
            "description": "",
            "required": true,
            "type": "string",
            "format": "",
            "default": ""
          },
          {
            "name": "survey_id",
            "in": "path",
            "description": "",
            "required": true,
            "type": "string",
            "format": ""
          },
          {
            "name": "response_id",
            "in": "path",
            "description": "",
            "required": true,
            "type": "string",
            "format": ""
          }
        ]
      }
    },
    "/surveyResponseCollectors/{collector_id}/responses": {
      "get": {
        "produces": [
          "application/json"
        ],
        "responses": {
          "200": {
            "description": "Success response"
          }
        },
        "parameters": [
          {
            "name": "api_key",
            "in": "query",
            "description": "",
            "required": true,
            "type": "string",
            "format": "",
            "default": ""
          },
          {
            "name": "page",
            "in": "query",
            "description": "Page of resources to return. Defaults to 1",
            "required": false,
            "type": "integer",
            "format": "int32",
            "default": 1
          },
          {
            "name": "per_page",
            "in": "query",
            "description": "Number of resources to return per page",
            "required": false,
            "type": "integer",
            "format": "int32"
          },
          {
            "name": "start_created_at",
            "in": "query",
            "description": "Responses started after this date",
            "required": false,
            "type": "string",
            "format": "date-time"
          },
          {
            "name": "end_created_at",
            "in": "query",
            "description": "Responses started before this date",
            "required": false,
            "type": "string",
            "format": "date-time"
          },
          {
            "name": "start_modified_at",
            "in": "query",
            "description": "Responses modified after this date",
            "required": false,
            "type": "string",
            "format": "date-time"
          },
          {
            "name": "end_modified_at",
            "in": "query",
            "description": "Responses modified before this date",
            "required": false,
            "type": "string",
            "format": "date-time"
          },
          {
            "name": "status",
            "in": "query",
            "description": "Status of the response [‘completed’, 'partial’, 'overquota’, 'disqualified’]",
            "required": false,
            "type": "string",
            "format": ""
          },
          {
            "name": "email",
            "in": "query",
            "description": "Email of the recipient",
            "required": false,
            "type": "string",
            "format": ""
          },
          {
            "name": "first_name",
            "in": "query",
            "description": "First Name of the recipient",
            "required": false,
            "type": "string",
            "format": ""
          },
          {
            "name": "last_name",
            "in": "query",
            "description": "Last Name of the recipient",
            "required": false,
            "type": "string",
            "format": ""
          },
          {
            "name": "ip",
            "in": "query",
            "description": "The IP the response was taken from",
            "required": false,
            "type": "string",
            "format": ""
          },
          {
            "name": "custom",
            "in": "query",
            "description": "The custom value associated with the response",
            "required": false,
            "type": "string",
            "format": ""
          },
          {
            "name": "total_time_max",
            "in": "query",
            "description": "The maximum amount of time spent on the response",
            "required": false,
            "type": "integer",
            "format": "int32",
            "default": 0
          },
          {
            "name": "total_time_min",
            "in": "query",
            "description": "The minimum amount of time spent on the response",
            "required": false,
            "type": "integer",
            "format": "int32",
            "default": 0
          },
          {
            "name": "total_time_units",
            "in": "query",
            "description": "Unit of time for total_time_min and total_time_max ['second’, 'minute’, 'hour’]",
            "required": false,
            "type": "string",
            "format": ""
          },
          {
            "name": "sort_order",
            "in": "query",
            "description": "Sort order: 'ASC’ or 'DESC’",
            "required": false,
            "type": "string",
            "format": ""
          },
          {
            "name": "sort_by",
            "in": "query",
            "description": "Field used to sort returned responses ['date_modified’]",
            "required": false,
            "type": "string",
            "format": ""
          },
          {
            "name": "OAuth-key",
            "in": "header",
            "description": "",
            "required": true,
            "type": "string",
            "format": "",
            "default": ""
          },
          {
            "name": "collector_id",
            "in": "path",
            "description": "",
            "required": true,
            "type": "string",
            "format": ""
          }
        ]
      },
      "post": {
        "produces": [
          "application/json"
        ],
        "responses": {
          "200": {
            "description": "Success response"
          }
        },
        "parameters": [
          {
            "name": "api_key",
            "in": "query",
            "description": "",
            "required": true,
            "type": "string",
            "format": "",
            "default": ""
          },
          {
            "name": "OAuth-key",
            "in": "header",
            "description": "",
            "required": true,
            "type": "string",
            "format": "",
            "default": ""
          },
          {
            "name": "body",
            "in": "body",
            "description": "",
            "schema": {
              "type": "string"
            }
          },
          {
            "name": "collector_id",
            "in": "path",
            "description": "",
            "required": true,
            "type": "string",
            "format": ""
          }
        ],
        "consumes": [
          "application/json"
        ]
      }
    },
    "/surveyResponseCollectors/{collector_id}/responses/{response_id}": {
      "get": {
        "produces": [
          "application/json"
        ],
        "responses": {
          "200": {
            "description": "Success response"
          }
        },
        "parameters": [
          {
            "name": "api_key",
            "in": "query",
            "description": "",
            "required": true,
            "type": "string",
            "format": "",
            "default": ""
          },
          {
            "name": "OAuth-key",
            "in": "header",
            "description": "",
            "required": true,
            "type": "string",
            "format": "",
            "default": ""
          },
          {
            "name": "collector_id",
            "in": "path",
            "description": "",
            "required": true,
            "type": "string",
            "format": ""
          },
          {
            "name": "response_id",
            "in": "path",
            "description": "",
            "required": true,
            "type": "string",
            "format": ""
          }
        ]
      },
      "put": {
        "produces": [
          "application/json"
        ],
        "responses": {
          "200": {
            "description": "Success response"
          }
        },
        "parameters": [
          {
            "name": "api_key",
            "in": "query",
            "description": "",
            "required": true,
            "type": "string",
            "format": "",
            "default": ""
          },
          {
            "name": "OAuth-key",
            "in": "header",
            "description": "",
            "required": true,
            "type": "string",
            "format": "",
            "default": ""
          },
          {
            "name": "body",
            "in": "body",
            "description": "",
            "schema": {
              "type": "string"
            }
          },
          {
            "name": "collector_id",
            "in": "path",
            "description": "",
            "required": true,
            "type": "string",
            "format": ""
          },
          {
            "name": "response_id",
            "in": "path",
            "description": "",
            "required": true,
            "type": "string",
            "format": ""
          }
        ],
        "consumes": [
          "application/json"
        ]
      },
      "delete": {
        "produces": [
          "application/json"
        ],
        "responses": {
          "200": {
            "description": "Success response"
          }
        },
        "parameters": [
          {
            "name": "api_key",
            "in": "query",
            "description": "",
            "required": true,
            "type": "string",
            "format": "",
            "default": ""
          },
          {
            "name": "OAuth-key",
            "in": "header",
            "description": "",
            "required": true,
            "type": "string",
            "format": "",
            "default": ""
          },
          {
            "name": "collector_id",
            "in": "path",
            "description": "",
            "required": true,
            "type": "string",
            "format": ""
          },
          {
            "name": "response_id",
            "in": "path",
            "description": "",
            "required": true,
            "type": "string",
            "format": ""
          }
        ]
      }
    },
    "/surveyResponseCollectors/{collector_id}/responses/{response_id}/details": {
      "get": {
        "produces": [
          "application/json"
        ],
        "responses": {
          "200": {
            "description": "Success response"
          }
        },
        "parameters": [
          {
            "name": "api_key",
            "in": "query",
            "description": "",
            "required": true,
            "type": "string",
            "format": "",
            "default": ""
          },
          {
            "name": "OAuth-key",
            "in": "header",
            "description": "",
            "required": true,
            "type": "string",
            "format": "",
            "default": ""
          },
          {
            "name": "collector_id",
            "in": "path",
            "description": "",
            "required": true,
            "type": "string",
            "format": ""
          },
          {
            "name": "response_id",
            "in": "path",
            "description": "",
            "required": true,
            "type": "string",
            "format": ""
          }
        ]
      }
    },
    "/surveyResponseCollectors/{collector_id}/responses/bulk": {
      "get": {
        "produces": [
          "application/json"
        ],
        "responses": {
          "200": {
            "description": "Success response"
          }
        },
        "parameters": [
          {
            "name": "api_key",
            "in": "query",
            "description": "",
            "required": true,
            "type": "string",
            "format": "",
            "default": ""
          },
          {
            "name": "page",
            "in": "query",
            "description": "Page of resources to return. Defaults to 1",
            "required": false,
            "type": "string",
            "format": "",
            "default": "1"
          },
          {
            "name": "per_page",
            "in": "query",
            "description": "Number of resources to return per page. Max of 100 allowed per page.",
            "required": false,
            "type": "integer",
            "format": "int32"
          },
          {
            "name": "collector_ids",
            "in": "query",
            "description": "Only include responses for this list of collector IDs",
            "required": false,
            "type": "string",
            "format": "",
            "default": ""
          },
          {
            "name": "start_created_at",
            "in": "query",
            "description": "Responses started after this date",
            "required": false,
            "type": "string",
            "format": "date-time",
            "default": ""
          },
          {
            "name": "end_created_at",
            "in": "query",
            "description": "Responses started before this date",
            "required": false,
            "type": "string",
            "format": "date-time",
            "default": ""
          },
          {
            "name": "start_modified_at",
            "in": "query",
            "description": "Responses modified after this date",
            "required": false,
            "type": "string",
            "format": "date-time",
            "default": ""
          },
          {
            "name": "end_modified_at",
            "in": "query",
            "description": "Responses modified before this date",
            "required": false,
            "type": "string",
            "format": "date-time",
            "default": ""
          },
          {
            "name": "status",
            "in": "query",
            "description": "Status of the response ['completed’, 'partial’, 'overquota’, 'disqualified’]",
            "required": false,
            "type": "string",
            "format": "",
            "default": ""
          },
          {
            "name": "email",
            "in": "query",
            "description": "Email of the recipient",
            "required": false,
            "type": "string",
            "format": "",
            "default": ""
          },
          {
            "name": "first_name",
            "in": "query",
            "description": "First Name of the recipient",
            "required": false,
            "type": "string",
            "format": "",
            "default": ""
          },
          {
            "name": "last_name",
            "in": "query",
            "description": "Last Name of the recipient",
            "required": false,
            "type": "string",
            "format": "",
            "default": ""
          },
          {
            "name": "ip",
            "in": "query",
            "description": "The IP the response was taken from",
            "required": false,
            "type": "string",
            "format": "",
            "default": ""
          },
          {
            "name": "custom",
            "in": "query",
            "description": "The custom value associated with the response",
            "required": false,
            "type": "string",
            "format": "",
            "default": ""
          },
          {
            "name": "total_time_max",
            "in": "query",
            "description": "The maximum amount of time spent on the response",
            "required": false,
            "type": "integer",
            "format": "int32",
            "default": 0
          },
          {
            "name": "total_time_min",
            "in": "query",
            "description": "The minimum amount of time spent on the response",
            "required": false,
            "type": "integer",
            "format": "int32"
          },
          {
            "name": "total_time_units",
            "in": "query",
            "description": "Unit of time for total_time_min and total_time_max: 'second’, 'minute’, or 'hour’",
            "required": false,
            "type": "string",
            "format": "",
            "default": ""
          },
          {
            "name": "sort_order",
            "in": "query",
            "description": "Sort order: 'ASC’ or 'DESC’",
            "required": false,
            "type": "string",
            "format": ""
          },
          {
            "name": "sort_by",
            "in": "query",
            "description": "Field used to sort returned responses ['date_modified’]",
            "required": false,
            "type": "string",
            "format": "",
            "default": ""
          },
          {
            "name": "OAuth-key",
            "in": "header",
            "description": "",
            "required": true,
            "type": "string",
            "format": "",
            "default": ""
          },
          {
            "name": "collector_id",
            "in": "path",
            "description": "",
            "required": true,
            "type": "string",
            "format": ""
          }
        ]
      }
    }
  }
}