{
    "records": [{
        "name": "Cloud",
        "items": [],
        "url": "https://integration.cloud.tibco.com:443"
    }],
    "resources": [
        {
            "location": "Service Descriptors/snstci.SNSService-Topic.json",
            "type": "generated"
        },
        {
            "location": "Service Descriptors/snstci.SNSService-Topic Amazon SNS Topic operations.json",
            "type": "generated"
        },
        {
            "location": "Service Descriptors/snstci.SNSTopic-Topic Amazon SNS Topic operations.json",
            "type": "generated"
        },
        {
            "location": "Service Descriptors/snstci.SNSTopicSubscription-subscription.json",
            "type": "generated"
        },
        {
            "location": "Service Descriptors/snstci.SNSPlatformApplication-platformapplication.json",
            "type": "generated"
        },
        {
            "location": "Service Descriptors/snstci.SNSEndpoint-endpoint.json",
            "type": "generated"
        },
        {
            "location": "Service Descriptors/snstci.SNSTopicAttributes-TopicAttributes.json",
            "type": "generated"
        },
        {
            "location": "Service Descriptors/snstci.SNSPlatformApplicationAttributes-PlatformApplicationAttributes.json",
            "type": "generated"
        },
        {
            "location": "Service Descriptors/snstci.SNSEndpointAttributes-EndpointAttributes.json",
            "type": "generated"
        },
        {
            "location": "Service Descriptors/snstci.SNSSubscriptionAttributes-SubscriptionAttributes.json",
            "type": "generated"
        },
        {
            "location": "Service Descriptors/snstci.SNSSMSAttributes-SMSAttributes.json",
            "type": "generated"
        },
        {
            "location": "Service Descriptors/snstci.SNSTopicMessage-PublishMessage.json",
            "type": "generated"
        },
        {
            "location": "Service Descriptors/snstci.SNSTopicPermission-TopicPermission.json",
            "type": "generated"
        },
        {
            "location": "Service Descriptors/snstci.SNSTopic-Topic.json",
            "type": "generated"
        }
    ]
}