{
    "records": [{
        "name": "Cloud",
        "items": [],
        "url": "https://integration.cloud.tibco.com:443"
    }],
    "resources": [
        {
            "location": "Service Descriptors/twilioconnector.sms.postviewmessagelist-posviewmessagelist.json",
            "type": "generated"
        },
        {
            "location": "Service Descriptors/twilioconnector.voice.queue.postcreatequeue-cretequeue.json",
            "type": "generated"
        },
        {
            "location": "Service Descriptors/twilioconnector.voice.queue.postviewqueue-viewqueue.json",
            "type": "generated"
        },
        {
            "location": "Service Descriptors/twilioconnector.voice.queue.postviewqueuelist-postqueuelist.json",
            "type": "generated"
        },
        {
            "location": "Service Descriptors/twilioconnector.voice.call.postmakecall-postmakecall.json",
            "type": "generated"
        },
        {
            "location": "Service Descriptors/twilioconnector.voice.call.postviewcall-postviewcall.json",
            "type": "generated"
        },
        {
            "location": "Service Descriptors/twilioconnector.usage.postviewusagelist-postviewusagelist.json",
            "type": "generated"
        },
        {
            "location": "Service Descriptors/twilioconnector.usage.postcreateusagetrigger-postcreateusagetrigger.json",
            "type": "generated"
        },
        {
            "location": "Service Descriptors/twilioconnector.usage.postviewusagetrigger-postviewusagetrigger.json",
            "type": "generated"
        },
        {
            "location": "Service Descriptors/twilioconnector.accounts.postviewaccount-postviewaccount.json",
            "type": "generated"
        },
        {
            "location": "Service Descriptors/twilioconnector.accounts.postviewaccountlist-postviewaccountlist.json",
            "type": "generated"
        },
        {
            "location": "Service Descriptors/twilioconnector.accounts.postupdateaccount-postupdateaccount.json",
            "type": "generated"
        },
        {
            "location": "Service Descriptors/twilioconnector.phonenumbers.address.postaddaddress-postaddaddress.json",
            "type": "generated"
        },
        {
            "location": "Service Descriptors/twilioconnector.phonenumbers.address.postdeleteaddress-postdeleteaddress.json",
            "type": "generated"
        },
        {
            "location": "Service Descriptors/twilioconnector.phonenumbers.address.postupdateaddress-postupdateaddress.json",
            "type": "generated"
        },
        {
            "location": "Service Descriptors/twilioconnector.phonenumbers.address.postviewaddress-postviewaddress.json",
            "type": "generated"
        },
        {
            "location": "Service Descriptors/twilioconnector.phonenumber.availaiblephonenumbers.postviewtollfreenumbers-postviewtollfreenumbers.json",
            "type": "generated"
        },
        {
            "location": "Service Descriptors/twilioconnector.phonenumber.availaiblephonenumbers.postviewlocalnumbers-postviewlocalnumbers.json",
            "type": "generated"
        },
        {
            "location": "Service Descriptors/twilioconnector.phonenumber.availaiblephonenumbers.postviewmobilenumbers-postviewmobilenumbers.json",
            "type": "generated"
        },
        {
            "location": "Service Descriptors/twilioconnector.phoneneumber.callerid.postaddcallerid-postaddcallerid.json",
            "type": "generated"
        },
        {
            "location": "Service Descriptors/twilioconnector.phoneneumber.callerid.postviewcallerid-postviewcallerid.json",
            "type": "generated"
        },
        {
            "location": "Service Descriptors/twilioconnector.phoneneumber.callerid.postdeletecallerid-postdeletecallerid.json",
            "type": "generated"
        },
        {
            "location": "Service Descriptors/twilioconnector.usage.postviewusagesubresourcelist-postviewusagesubresourcelist.json",
            "type": "generated"
        },
        {
            "location": "Service Descriptors/twilioconnector.sms.postsms-postsms.json",
            "type": "generated"
        },
        {
            "location": "Service Descriptors/twilioconnector.sms.postviewmessage-postviewmessage.json",
            "type": "generated"
        },
        {
            "location": "Service Descriptors/twilioconnector.sms.postviewmessagelist-postviewmessagelist.json",
            "type": "generated"
        },
        {
            "location": "Service Descriptors/twilioconnector.voice.queue.createqueue-createqueue.json",
            "type": "generated"
        },
        {
            "location": "Service Descriptors/twilioconnector.voice.queue.vieiwqueue-vieiwqueue.json",
            "type": "generated"
        },
        {
            "location": "Service Descriptors/twilioconnector.voice.queue.viewqueuelist-viewqueuelist.json",
            "type": "generated"
        }
    ]
}