{
    "records": [{
        "name": "Cloud",
        "items": [],
        "url": "https://integration.cloud.tibco.com:443"
    }],
    "resources": [
        {
            "location": "Service Descriptors/authy.totp.VerifyToken-VerifyToken.json",
            "type": "generated"
        },
        {
            "location": "Service Descriptors/authy.totp.AddUser-AddUser.json",
            "type": "generated"
        },
        {
            "location": "Service Descriptors/authy.totp.RequestCallToken-RequestCallToken.json",
            "type": "generated"
        },
        {
            "location": "Service Descriptors/authy.totp.ApplicationDetail-ApplicationDetail.json",
            "type": "generated"
        },
        {
            "location": "Service Descriptors/authy.totp.ApplicationStats-ApplicationStats.json",
            "type": "generated"
        },
        {
            "location": "Service Descriptors/authy.totp.DeleteUser-DeleteUser.json",
            "type": "generated"
        },
        {
            "location": "Service Descriptors/authy.totp.UserStatus-UserStatus.json",
            "type": "generated"
        },
        {
            "location": "Service Descriptors/authy.phoneverification.SendVerificationCode-SendVerificationCode.json",
            "type": "generated"
        },
        {
            "location": "Service Descriptors/authy.phoneverification.VerifyCode-VerifyCode.json",
            "type": "generated"
        },
        {
            "location": "Service Descriptors/authy.phoneintelligence.PhNoInformation-PhNoInformation.json",
            "type": "generated"
        },
        {
            "location": "Service Descriptors/authy.totp.RequestSMSCode-RequestSMSCode.json",
            "type": "generated"
        },
        {
            "location": "Service Descriptors/authy.onetouch.SendApprovalRequest-SendApprovalRequest.json",
            "type": "generated"
        },
        {
            "location": "Service Descriptors/authy.onetouch.CheckApprovalRequestStatus-CheckApprovalRequestStatus.json",
            "type": "generated"
        }
    ]
}