{
  "apiVersion" : "1.0",
  "swaggerVersion" : "1.2",
  "basePath" : "http://localhost:7777/StripeBilling",
  "apis" : [ {
    "path" : "/createStripesSubs",
    "description" : "Summary about the new REST service."
  }, {
    "path" : "/Stripe",
    "description" : "Summary about the new REST service."
  }, {
    "path" : "/getPlanDetails",
    "description" : "Summary about the new REST service."
  }, {
    "path" : "/Account",
    "description" : "Summary about the new REST service."
  }, {
    "path" : "/listcustcharges",
    "description" : "Summary about the new REST service."
  } ],
  "authorizations" : { }
}