{
    "records": [{
        "name": "Cloud",
        "items": [{
            "localTimestamp": 3385,
            "localURI": "/StripeBilling/Service Descriptors/Stripe_1.0.0.json",
            "disabled": false,
            "remoteTimestamp": 1470427120000,
            "localHash": "e8bf3b05759ded53d50c2303aaf9637b610f2aad",
            "remoteId": "22",
            "remoteHash": "e8bf3b05759ded53d50c2303aaf9637b610f2aad"
        }],
        "url": "https://integration.cloud.tibco.com:443"
    }],
    "resources": [
        {
            "location": ".WebResources/docs.json",
            "type": "generated"
        },
        {
            "location": ".WebResources/Stripe",
            "type": "generated"
        },
        {
            "location": "Service Descriptors/stripebilling.createStripeSubscription-createStripesSubs.json",
            "type": "generated"
        },
        {
            "location": "Service Descriptors/stripebilling.listCustcharges-listcustcharges.json",
            "type": "generated"
        },
        {
            "location": "Service Descriptors/stripebilling.createAccount-customer.json",
            "type": "generated"
        },
        {
            "location": "Service Descriptors/mashStripe.createStripeSubscription-createStripesSubs.json",
            "type": "generated"
        },
        {
            "location": "Service Descriptors/mashStripe.ListInvoice-Invoice.json",
            "type": "generated"
        },
        {
            "location": "Service Descriptors/-createStripesSubs.json",
            "type": "generated"
        },
        {
            "location": "Service Descriptors/mashStripe.Process-Resource.json",
            "type": "generated"
        },
        {
            "location": "Service Descriptors/mashStripe.createStripeSubscription-Resource.json",
            "type": "generated"
        },
        {
            "location": "Service Descriptors/mashStripe.pushPostpaidCalculation-pushCalculation.json",
            "type": "generated"
        },
        {
            "location": "Service Descriptors/mashStripe.pushPostpaidCalculation-forceCalculatePostpaid.json",
            "type": "generated"
        },
        {
            "location": "Service Descriptors/mashStripe.postpaidRating-Postpaid.json",
            "type": "generated"
        }
    ]
}