{
  "swagger" : "2.0",
  "info" : {
    "version" : "1.0",
    "title" : "Zen Desk Ticket Search Management.",
    "description" : "Zen Desk Ticket Search Management."
  },
  "host" : "localhost:8080",
  "basePath" : "/",
  "schemes" : [ "http" ],
  "paths" : {
    "/tcizendeskservice/ver1/search/{sessionId}/{searchstring}" : {
      "get" : {
        "description" : "To search tickets based on a query string.",
        "operationId" : "get-tcizendeskservice-ver1-search",
        "consumes" : [ "application/json" ],
        "produces" : [ "application/json" ],
        "parameters" : [ {
          "name" : "sessionId",
          "in" : "path",
          "description" : "",
          "type" : "string",
          "required" : true
        }, {
          "name" : "searchstring",
          "in" : "path",
          "description" : "",
          "type" : "string",
          "required" : true
        } ],
        "responses" : {
          "200" : {
            "description" : "a string to be returned",
            "schema" : {
              "type" : "string"
            }
          }
        }
      }
    }
  },
  "definitions" : { }
}