{
  "swagger" : "2.0",
  "info" : {
    "version" : "1.0",
    "title" : "Zen Desk Ticket Comment Management.",
    "description" : "Zen Desk Ticket Comment Management."
  },
  "host" : "localhost:8080",
  "basePath" : "/",
  "schemes" : [ "http" ],
  "paths" : {
    "/tcizendeskservice/ver1/ticketcomment/create/{sessionId}/{ticketId}" : {
      "post" : {
        "description" : "To create ticket comment for a ticket.",
        "operationId" : "post-tcizendeskservice-ver1-ticketcomment-create",
        "consumes" : [ "application/json" ],
        "produces" : [ "application/json" ],
        "parameters" : [ {
          "name" : "body",
          "in" : "body",
          "description" : "",
          "schema" : {
            "$ref" : "#/definitions/CommentInsert"
          },
          "required" : true
        }, {
          "name" : "sessionId",
          "in" : "path",
          "description" : "",
          "type" : "string",
          "required" : true
        }, {
          "name" : "ticketId",
          "in" : "path",
          "description" : "",
          "type" : "string",
          "required" : true
        } ],
        "responses" : {
          "200" : {
            "description" : "a string to be returned",
            "schema" : {
              "type" : "string"
            }
          }
        }
      }
    },
    "/tcizendeskservice/ver1/ticketcomment/list/{sessionId}/{ticketId}" : {
      "get" : {
        "description" : "To get all comments linked to a ticket",
        "operationId" : "get-tcizendeskservice-ver1-ticketcomment-list",
        "consumes" : [ "application/json" ],
        "produces" : [ "application/json" ],
        "parameters" : [ {
          "name" : "sessionId",
          "in" : "path",
          "description" : "",
          "type" : "string",
          "required" : true
        }, {
          "name" : "ticketId",
          "in" : "path",
          "description" : "",
          "type" : "string",
          "required" : true
        } ],
        "responses" : {
          "200" : {
            "description" : "a string to be returned",
            "schema" : {
              "type" : "string"
            }
          }
        }
      }
    }
  },
  "definitions" : {
    "CommentInsert" : {
      "type" : "object",
      "required" : [ "body" ],
      "properties" : {
        "Type" : {
          "type" : "string"
        },
        "body" : {
          "type" : "string"
        },
        "html_body" : {
          "type" : "string"
        },
        "public" : {
          "type" : "boolean"
        },
        "author_id" : {
          "type" : "integer"
        }
      }
    }
  }
}