{
  "swagger" : "2.0",
  "info" : {
    "version" : "1.0",
    "title" : "Zen Desk Article (Knowledge Base) Management.",
    "description" : "Zen Desk Article (Knowledge Base) Management."
  },
  "host" : "localhost:8080",
  "basePath" : "/",
  "schemes" : [ "http" ],
  "paths" : {
    "/tcizendeskservice/ver1/article/listonlocal/{sessionid}/{categoryid}" : {
      "get" : {
        "description" : "To get all articles from local(Ex: en-us).",
        "operationId" : "get-tcizendeskservice-ver1-article-listonlocal",
        "consumes" : [ "application/json" ],
        "produces" : [ "application/json" ],
        "parameters" : [ {
          "name" : "sessionid",
          "in" : "path",
          "description" : "",
          "type" : "string",
          "required" : true
        }, {
          "name" : "categoryid",
          "in" : "path",
          "description" : "",
          "type" : "string",
          "required" : true
        } ],
        "responses" : {
          "200" : {
            "description" : "a string to be returned",
            "schema" : {
              "type" : "string"
            }
          }
        }
      }
    },
    "/tcizendeskservice/ver1/article/get/{sessionId}/{articleId}" : {
      "get" : {
        "description" : "To get a specific article based on a article Id. Please note that the user session should be able to access the article.",
        "operationId" : "get-tcizendeskservice-ver1-article-get",
        "consumes" : [ "application/json" ],
        "produces" : [ "application/json" ],
        "parameters" : [ {
          "name" : "articleId",
          "in" : "path",
          "description" : "",
          "type" : "string",
          "required" : true
        }, {
          "name" : "sessionId",
          "in" : "path",
          "description" : "",
          "type" : "string",
          "required" : true
        } ],
        "responses" : {
          "200" : {
            "description" : "a string to be returned",
            "schema" : {
              "type" : "string"
            }
          }
        }
      }
    },
    "/tcizendeskservice/ver1/article/listoncategory/{sessionId}/{categoryId}" : {
      "get" : {
        "description" : "To get all articles from a category. Please use ArticleCategory API to find category.",
        "operationId" : "get-tcizendeskservice-ver1-article-listoncategory",
        "consumes" : [ "application/json" ],
        "produces" : [ "application/json" ],
        "parameters" : [ {
          "name" : "sessionId",
          "in" : "path",
          "description" : "",
          "type" : "string",
          "required" : true
        }, {
          "name" : "categoryId",
          "in" : "path",
          "description" : "",
          "type" : "string",
          "required" : true
        } ],
        "responses" : {
          "200" : {
            "description" : "a string to be returned",
            "schema" : {
              "type" : "string"
            }
          }
        }
      }
    },
    "/tcizendeskservice/ver1/article/update/{sessionId}/{articleId}" : {
      "put" : {
        "description" : "To modify an article based on the article id.Please note that the user session should be able to edit the article.",
        "operationId" : "put-tcizendeskservice-ver1-article-update",
        "consumes" : [ "application/json" ],
        "produces" : [ "application/json" ],
        "parameters" : [ {
          "name" : "body",
          "in" : "body",
          "description" : "",
          "schema" : {
            "$ref" : "#/definitions/ArticleEdit"
          },
          "required" : true
        }, {
          "name" : "articleId",
          "in" : "path",
          "description" : "",
          "type" : "string",
          "required" : true
        }, {
          "name" : "sessionId",
          "in" : "path",
          "description" : "",
          "type" : "string",
          "required" : true
        } ],
        "responses" : {
          "200" : {
            "description" : "a string to be returned",
            "schema" : {
              "type" : "string"
            }
          }
        }
      }
    },
    "/tcizendeskservice/ver1/article/listonsession/{sessionId}" : {
      "get" : {
        "description" : "To get articles based on the log-in current session.",
        "operationId" : "get-tcizendeskservice-ver1-article-listonsession",
        "consumes" : [ "application/json" ],
        "produces" : [ "application/json" ],
        "parameters" : [ {
          "name" : "sessionId",
          "in" : "path",
          "description" : "",
          "type" : "string",
          "required" : true
        } ],
        "responses" : {
          "200" : {
            "description" : "a string to be returned",
            "schema" : {
              "type" : "string"
            }
          }
        }
      }
    },
    "/tcizendeskservice/ver1/article/listonsection/{sessionid}/{sectionid}" : {
      "get" : {
        "description" : "To get all articles from a category. Please use ArticleSection API to find  section.",
        "operationId" : "get-tcizendeskservice-ver1-article-listonsection",
        "consumes" : [ "application/json" ],
        "produces" : [ "application/json" ],
        "parameters" : [ {
          "name" : "sessionid",
          "in" : "path",
          "description" : "",
          "type" : "string",
          "required" : true
        }, {
          "name" : "sectionid",
          "in" : "path",
          "description" : "",
          "type" : "string",
          "required" : true
        } ],
        "responses" : {
          "200" : {
            "description" : "a string to be returned",
            "schema" : {
              "type" : "string"
            }
          }
        }
      }
    },
    "/tcizendeskservice/ver1/article/create/{sessionId}" : {
      "post" : {
        "description" : "To create a new Article. Article describes a problem/solution, Guideline, etc.",
        "operationId" : "post-tcizendeskservice-ver1-article-create",
        "consumes" : [ "application/json" ],
        "produces" : [ "application/json" ],
        "parameters" : [ {
          "name" : "body",
          "in" : "body",
          "description" : "",
          "schema" : {
            "$ref" : "#/definitions/Article"
          },
          "required" : true
        }, {
          "name" : "sessionId",
          "in" : "path",
          "description" : "",
          "type" : "string",
          "required" : true
        } ],
        "responses" : {
          "200" : {
            "description" : "a string to be returned",
            "schema" : {
              "type" : "string"
            }
          }
        }
      }
    },
    "/tcizendeskservice/ver1/article/listonuser/{sessionid}/{userid}" : {
      "get" : {
        "description" : "To get all articles from a user. It will be the user ID(like email)",
        "operationId" : "get-tcizendeskservice-ver1-article-listonuser",
        "consumes" : [ "application/json" ],
        "produces" : [ "application/json" ],
        "parameters" : [ {
          "name" : "sessionid",
          "in" : "path",
          "description" : "",
          "type" : "string",
          "required" : true
        }, {
          "name" : "userid",
          "in" : "path",
          "description" : "",
          "type" : "string",
          "required" : true
        } ],
        "responses" : {
          "200" : {
            "description" : "a string to be returned",
            "schema" : {
              "type" : "string"
            }
          }
        }
      }
    }
  },
  "definitions" : {
    "Article" : {
      "type" : "object",
      "required" : [ "section_id", "title", "body", "locale" ],
      "properties" : {
        "title" : {
          "type" : "string"
        },
        "body" : {
          "type" : "string"
        },
        "locale" : {
          "type" : "string"
        },
        "section_id" : {
          "type" : "integer"
        }
      }
    },
    "ArticleEdit" : {
      "type" : "object",
      "required" : [ "section_id", "comments_disabled", "title", "body", "locale", "promoted" ],
      "properties" : {
        "title" : {
          "type" : "string"
        },
        "body" : {
          "type" : "string"
        },
        "locale" : {
          "type" : "string"
        },
        "section_id" : {
          "type" : "integer"
        },
        "comments_disabled" : {
          "type" : "boolean"
        },
        "promoted" : {
          "type" : "boolean"
        }
      }
    }
  }
}