{
  "swagger" : "2.0",
  "info" : {
    "version" : "1.0",
    "title" : "Zen Desk Article Section (Knowledge Base) Management.",
    "description" : "Zen Desk Article Section (Knowledge Base) Management."
  },
  "host" : "localhost:8080",
  "basePath" : "/",
  "schemes" : [ "http" ],
  "paths" : {
    "/tcizendeskservice/ver1/articlesection/update/{sessionId}/{sectionId}" : {
      "put" : {
        "description" : "To update an article section based on a section Id.",
        "operationId" : "put-tcizendeskservice-ver1-articlesection-update",
        "consumes" : [ "application/json" ],
        "produces" : [ "application/json" ],
        "parameters" : [ {
          "name" : "body",
          "in" : "body",
          "description" : "",
          "schema" : {
            "$ref" : "#/definitions/ArticleSectionUpdate"
          },
          "required" : true
        }, {
          "name" : "sessionId",
          "in" : "path",
          "description" : "",
          "type" : "string",
          "required" : true
        }, {
          "name" : "sectionId",
          "in" : "path",
          "description" : "",
          "type" : "string",
          "required" : true
        } ],
        "responses" : {
          "200" : {
            "description" : "a string to be returned",
            "schema" : {
              "type" : "string"
            }
          }
        }
      }
    },
    "/tcizendeskservice/ver1/articlesection/getAll/{sessionId}" : {
      "get" : {
        "description" : "To get all Article Sections which are accessible from the current user.",
        "operationId" : "get-tcizendeskservice-ver1-articlesection-getAll",
        "consumes" : [ "application/json" ],
        "produces" : [ "application/json" ],
        "parameters" : [ {
          "name" : "sessionId",
          "in" : "path",
          "description" : "",
          "type" : "string",
          "required" : true
        } ],
        "responses" : {
          "200" : {
            "description" : "a string to be returned",
            "schema" : {
              "type" : "string"
            }
          }
        }
      }
    },
    "/tcizendeskservice/ver1/articlesection/get/{sessionId}/{sectionId}" : {
      "get" : {
        "description" : "To get article section based on sectionid.",
        "operationId" : "get-tcizendeskservice-ver1-articlesection-get",
        "consumes" : [ "application/json" ],
        "produces" : [ "application/json" ],
        "parameters" : [ {
          "name" : "sessionId",
          "in" : "path",
          "description" : "",
          "type" : "string",
          "required" : true
        }, {
          "name" : "sectionId",
          "in" : "path",
          "description" : "",
          "type" : "string",
          "required" : true
        } ],
        "responses" : {
          "200" : {
            "description" : "a string to be returned",
            "schema" : {
              "type" : "string"
            }
          }
        }
      }
    },
    "/tcizendeskservice/ver1/articlesection/create/{sessionId}" : {
      "post" : {
        "description" : "To create an article section. Article section is used to group article. Example : Category- businessworks, Section - bwcloud.",
        "operationId" : "post-tcizendeskservice-ver1-articlesection-create",
        "consumes" : [ "application/json" ],
        "produces" : [ "application/json" ],
        "parameters" : [ {
          "name" : "body",
          "in" : "body",
          "description" : "",
          "schema" : {
            "$ref" : "#/definitions/ArticleSection"
          },
          "required" : true
        }, {
          "name" : "sessionId",
          "in" : "path",
          "description" : "",
          "type" : "string",
          "required" : true
        } ],
        "responses" : {
          "200" : {
            "description" : "a string to be returned",
            "schema" : {
              "type" : "string"
            }
          }
        }
      }
    }
  },
  "definitions" : {
    "ArticleSection" : {
      "type" : "object",
      "required" : [ "category_id", "name", "description", "locale", "SessionId" ],
      "properties" : {
        "name" : {
          "type" : "string"
        },
        "description" : {
          "type" : "string"
        },
        "locale" : {
          "type" : "string"
        },
        "category_id" : {
          "type" : "integer"
        },
        "SessionId" : {
          "type" : "string"
        }
      }
    },
    "ArticleSectionUpdate" : {
      "type" : "object",
      "required" : [ "name", "description", "sectionId", "locale", "categoryId" ],
      "properties" : {
        "name" : {
          "type" : "string"
        },
        "description" : {
          "type" : "string"
        },
        "locale" : {
          "type" : "string"
        },
        "categoryId" : {
          "type" : "integer"
        },
        "sectionId" : {
          "type" : "integer"
        }
      }
    }
  }
}