{
    "records": [{
        "name": "Cloud",
        "items": [],
        "url": "https://integration.cloud.tibco.com:443"
    }],
    "resources": [
        {
            "location": "Service Descriptors/netsuite.Process-Resource.json",
            "type": "generated"
        },
        {
            "location": "Service Descriptors/netsuite.Process1-Resource.json",
            "type": "generated"
        },
        {
            "location": "Service Descriptors/netsuite.InsertPhoneRecord-Resource.json",
            "type": "generated"
        },
        {
            "location": "Service Descriptors/tibco.tci.samples.netsuite.InsertPhoneRecord-Resource.json",
            "type": "generated"
        }
    ]
}