{
  "swagger" : "2.0",
  "info" : {
    "version" : "1.0",
    "title" : "Amazon SNS SMS Attributes operations",
    "description" : "Amazon SNS SMS Attributes operations"
  },
  "host" : "localhost:8080",
  "basePath" : "/",
  "schemes" : [ "http" ],
  "paths" : {
    "/sms/attributes" : {
      "get" : {
        "description" : "Returns the settings for sending SMS messages from your account.",
        "operationId" : "get-sms-attributes",
        "consumes" : [ "application/json" ],
        "produces" : [ "application/json", "application/xml" ],
        "parameters" : [ {
          "name" : "SecretKey",
          "in" : "query",
          "description" : "",
          "type" : "string",
          "required" : false
        }, {
          "name" : "AttributeName",
          "in" : "query",
          "description" : "",
          "type" : "array",
          "items" : {
            "type" : "string",
            "uniqueItems" : false
          },
          "required" : true
        }, {
          "name" : "AccessKey",
          "in" : "query",
          "description" : "",
          "type" : "string",
          "required" : false
        } ],
        "responses" : {
          "200" : {
            "description" : "a GetSMSAttributesResponse to be returned",
            "schema" : {
              "$ref" : "#/definitions/GetSMSAttributesResponse"
            }
          },
          "500" : {
            "description" : "Internal Server Error",
            "schema" : {
              "type" : "string"
            }
          }
        }
      },
      "put" : {
        "description" : "Use this request to set the default settings for sending SMS messages and receiving daily SMS usage reports.",
        "operationId" : "put-sms-attributes",
        "consumes" : [ "application/json", "application/xml" ],
        "produces" : [ "application/json", "application/xml" ],
        "parameters" : [ {
          "name" : "body",
          "in" : "body",
          "description" : "",
          "schema" : {
            "$ref" : "#/definitions/SetSMSAttributesRequest"
          },
          "required" : true
        }, {
          "name" : "SecretKey",
          "in" : "query",
          "description" : "",
          "type" : "string",
          "required" : false
        }, {
          "name" : "AccessKey",
          "in" : "query",
          "description" : "",
          "type" : "string",
          "required" : false
        } ],
        "responses" : {
          "200" : {
            "description" : "a SetSMSAttributesResponse to be returned",
            "schema" : {
              "$ref" : "#/definitions/SetSMSAttributesResponse"
            }
          },
          "500" : {
            "description" : "Internal Server Error",
            "schema" : {
              "type" : "string"
            }
          }
        }
      }
    }
  },
  "definitions" : {
    "SetSMSAttributesResponse" : {
      "type" : "object",
      "required" : [ "responseMetadata" ],
      "properties" : {
        "responseMetadata" : {
          "$ref" : "#/definitions/responseMetadata"
        },
        "setSMSAttributesResult" : {
          "type" : "string"
        }
      }
    },
    "Attributes" : {
      "type" : "object",
      "properties" : {
        "ApproximateNumberOfMessages" : {
          "type" : "string"
        },
        "MonthlySpendLimit" : {
          "type" : "string"
        },
        "DeliveryStatusIAMRole" : {
          "type" : "string"
        },
        "DeliveryStatusSuccessSamplingRate" : {
          "type" : "string"
        },
        "DefaultSenderID" : {
          "type" : "string"
        },
        "DefaultSMSType" : {
          "type" : "string"
        },
        "UsageReportS3Bucket" : {
          "type" : "string"
        }
      }
    },
    "getSMSAttributesResult" : {
      "type" : "object",
      "required" : [ "attributes" ],
      "properties" : {
        "attributes" : {
          "$ref" : "#/definitions/attributes"
        }
      }
    },
    "attributes" : {
      "type" : "object",
      "properties" : {
        "ApproximateNumberOfMessages" : {
          "type" : "string"
        },
        "MonthlySpendLimit" : {
          "type" : "string"
        },
        "DeliveryStatusIAMRole" : {
          "type" : "string"
        },
        "DeliveryStatusSuccessSamplingRate" : {
          "type" : "string"
        },
        "DefaultSenderID" : {
          "type" : "string"
        },
        "DefaultSMSType" : {
          "type" : "string"
        },
        "UsageReportS3Bucket" : {
          "type" : "string"
        }
      }
    },
    "responseMetadata" : {
      "type" : "object",
      "required" : [ "requestId" ],
      "properties" : {
        "requestId" : {
          "type" : "string"
        }
      }
    },
    "GetSMSAttributesResponse" : {
      "type" : "object",
      "required" : [ "getSMSAttributesResult", "responseMetadata" ],
      "properties" : {
        "getSMSAttributesResult" : {
          "$ref" : "#/definitions/getSMSAttributesResult"
        },
        "responseMetadata" : {
          "$ref" : "#/definitions/responseMetadata"
        }
      }
    },
    "SetSMSAttributesRequest" : {
      "type" : "object",
      "required" : [ "Attributes" ],
      "properties" : {
        "Attributes" : {
          "$ref" : "#/definitions/Attributes"
        }
      }
    }
  }
}