{
  "swagger" : "2.0",
  "info" : {
    "version" : "1.0",
    "title" : "AMamzon SQS Topic Permissions operations",
    "description" : "AMamzon SQS Topic Permissions operations"
  },
  "host" : "localhost:8080",
  "basePath" : "/",
  "schemes" : [ "http" ],
  "paths" : {
    "/topic/permission" : {
      "put" : {
        "description" : "Adds a statement to a topic's access control policy, granting access for the specified AWS accounts to the specified actions.",
        "operationId" : "put-topic-permission",
        "consumes" : [ "application/json", "application/xml" ],
        "produces" : [ "application/json", "application/xml" ],
        "parameters" : [ {
          "name" : "body",
          "in" : "body",
          "description" : "",
          "schema" : {
            "$ref" : "#/definitions/AddPermissionRequest"
          },
          "required" : true
        }, {
          "name" : "SecretKey",
          "in" : "query",
          "description" : "",
          "type" : "string",
          "required" : true
        }, {
          "name" : "AccessKey",
          "in" : "query",
          "description" : "",
          "type" : "string",
          "required" : true
        } ],
        "responses" : {
          "200" : {
            "description" : "a AddPermissionResponse to be returned",
            "schema" : {
              "$ref" : "#/definitions/AddPermissionResponse"
            }
          },
          "500" : {
            "description" : "Internal Server Error"
          }
        }
      },
      "delete" : {
        "description" : "Removes a statement from a topic's access control policy.",
        "operationId" : "delete-topic-permission",
        "consumes" : [ "application/json" ],
        "produces" : [ "application/json", "application/xml" ],
        "parameters" : [ {
          "name" : "SecretKey",
          "in" : "query",
          "description" : "",
          "type" : "string",
          "required" : true
        }, {
          "name" : "TopicArn",
          "in" : "query",
          "description" : "",
          "type" : "string",
          "required" : true
        }, {
          "name" : "Label",
          "in" : "query",
          "description" : "",
          "type" : "string",
          "required" : true
        }, {
          "name" : "AccessKey",
          "in" : "query",
          "description" : "",
          "type" : "string",
          "required" : true
        } ],
        "responses" : {
          "200" : {
            "description" : "a AddPermissionResponse to be returned",
            "schema" : {
              "$ref" : "#/definitions/AddPermissionResponse"
            }
          },
          "500" : {
            "description" : "Internal Server Error"
          }
        }
      }
    }
  },
  "definitions" : {
    "AWSAccountIds" : {
      "type" : "object",
      "required" : [ "member" ],
      "properties" : {
        "member" : {
          "type" : "array",
          "items" : {
            "type" : "string",
            "uniqueItems" : false
          }
        }
      }
    },
    "Actions" : {
      "type" : "object",
      "required" : [ "member" ],
      "properties" : {
        "member" : {
          "type" : "array",
          "items" : {
            "type" : "string",
            "uniqueItems" : false
          }
        }
      }
    },
    "AddPermissionResponse" : {
      "type" : "object",
      "required" : [ "responseMetadata" ],
      "properties" : {
        "responseMetadata" : {
          "$ref" : "#/definitions/responseMetadata"
        }
      }
    },
    "responseMetadata" : {
      "type" : "object",
      "required" : [ "requestId" ],
      "properties" : {
        "requestId" : {
          "type" : "string"
        }
      }
    },
    "AddPermissionRequest" : {
      "type" : "object",
      "required" : [ "AWSAccountIds", "TopicArn", "Actions", "Label" ],
      "properties" : {
        "AWSAccountIds" : {
          "$ref" : "#/definitions/AWSAccountIds"
        },
        "Actions" : {
          "$ref" : "#/definitions/Actions"
        },
        "Label" : {
          "type" : "string"
        },
        "TopicArn" : {
          "type" : "string"
        }
      }
    }
  }
}