{
  "swagger" : "2.0",
  "info" : {
    "version" : "1.0",
    "title" : "Amazon SNS Platform Application Operations",
    "description" : "Amazon SNS Platform Application Operations"
  },
  "host" : "localhost:8080",
  "basePath" : "/",
  "schemes" : [ "http" ],
  "consumes" : [ "application/json" ],
  "produces" : [ "application/json" ],
  "paths" : {
    "/platformapplication" : {
      "post" : {
        "description" : "Creates a platform application object for one of the supported push notification services, such as APNS and GCM, to which devices and mobile apps may register",
        "operationId" : "post-platformapplication",
        "consumes" : [ "application/json" ],
        "produces" : [ "application/json" ],
        "parameters" : [ {
          "name" : "body",
          "in" : "body",
          "description" : "",
          "schema" : {
            "$ref" : "#/definitions/CreatePlatformApplicationRequest"
          },
          "required" : true
        }, {
          "name" : "SecretKey",
          "in" : "query",
          "description" : "",
          "type" : "string",
          "required" : true
        }, {
          "name" : "AccessKey",
          "in" : "query",
          "description" : "",
          "type" : "string",
          "required" : true
        } ],
        "responses" : {
          "200" : {
            "description" : "a CreatePlatformApplicationResponse to be returned",
            "schema" : {
              "$ref" : "#/definitions/CreatePlatformApplicationResponse"
            }
          }
        }
      },
      "get" : {
        "description" : "Lists the platform application objects for the supported push notification services, such as APNS and GCM. The results for ListPlatformApplications are paginated and return a limited list of applications, up to 100.",
        "operationId" : "get-platformapplication",
        "consumes" : [ "application/json" ],
        "produces" : [ "application/json" ],
        "parameters" : [ {
          "name" : "Secretkey",
          "in" : "query",
          "description" : "",
          "type" : "string",
          "required" : true
        }, {
          "name" : "NextToken",
          "in" : "query",
          "description" : "",
          "type" : "string",
          "required" : false
        }, {
          "name" : "AccessKey",
          "in" : "query",
          "description" : "",
          "type" : "string",
          "required" : false
        } ],
        "responses" : {
          "200" : {
            "description" : "a ListPlatformApplicationsResponse to be returned",
            "schema" : {
              "$ref" : "#/definitions/ListPlatformApplicationsResponse"
            }
          }
        }
      },
      "delete" : {
        "description" : "Deletes a platform application object for one of the supported push notification services, such as APNS and GCM",
        "operationId" : "delete-platformapplication",
        "consumes" : [ "application/json" ],
        "produces" : [ "application/json" ],
        "parameters" : [ {
          "name" : "SecretKey",
          "in" : "query",
          "description" : "",
          "type" : "string",
          "required" : true
        }, {
          "name" : "AccessKey",
          "in" : "query",
          "description" : "",
          "type" : "string",
          "required" : true
        }, {
          "name" : "PlatformApplicationArn",
          "in" : "query",
          "description" : "",
          "type" : "string",
          "required" : true
        } ],
        "responses" : {
          "200" : {
            "description" : "a DeletePlatformApplicationResponse to be returned",
            "schema" : {
              "$ref" : "#/definitions/DeletePlatformApplicationResponse"
            }
          }
        }
      }
    }
  },
  "definitions" : {
    "CreatePlatformApplicationResponse" : {
      "type" : "object",
      "required" : [ "responseMetadata", "createPlatformApplicationResult" ],
      "properties" : {
        "createPlatformApplicationResult" : {
          "$ref" : "#/definitions/createPlatformApplicationResult"
        },
        "responseMetadata" : {
          "$ref" : "#/definitions/responseMetadata"
        }
      }
    },
    "entry" : {
      "type" : "object",
      "required" : [ "value", "key" ],
      "properties" : {
        "key" : {
          "type" : "string"
        },
        "value" : {
          "type" : "string"
        }
      }
    },
    "platformApplications" : {
      "type" : "object",
      "required" : [ ],
      "properties" : {
        "member" : {
          "type" : "array",
          "items" : {
            "$ref" : "#/definitions/member",
            "uniqueItems" : false
          }
        }
      }
    },
    "CreatePlatformApplicationRequest" : {
      "type" : "object",
      "required" : [ "Platform", "Attributes", "Name" ],
      "properties" : {
        "Attributes" : {
          "$ref" : "#/definitions/Attributes"
        },
        "Name" : {
          "type" : "string"
        },
        "Platform" : {
          "type" : "string"
        }
      }
    },
    "Attributes" : {
      "type" : "object",
      "required" : [ ],
      "properties" : {
        "PlatformCredential" : {
          "type" : "string"
        },
        "PlatformPrincipal" : {
          "type" : "string"
        },
        "EventEndpointCreated" : {
          "type" : "string"
        },
        "EventEndpointDeleted" : {
          "type" : "string"
        },
        "EventEndpointUpdated" : {
          "type" : "string"
        },
        "EventDeliveryFailure" : {
          "type" : "string"
        },
        "SuccessFeedbackRoleArn" : {
          "type" : "string"
        },
        "FailureFeedbackRoleArn" : {
          "type" : "string"
        },
        "SuccessFeedbackSampleRate" : {
          "type" : "string"
        }
      }
    },
    "member" : {
      "type" : "object",
      "required" : [ "platformApplicationArn", "attributes" ],
      "properties" : {
        "platformApplicationArn" : {
          "type" : "string"
        },
        "attributes" : {
          "$ref" : "#/definitions/attributes"
        }
      }
    },
    "attributes" : {
      "type" : "object",
      "required" : [ "entry" ],
      "properties" : {
        "entry" : {
          "$ref" : "#/definitions/entry"
        }
      }
    },
    "DeletePlatformApplicationResponse" : {
      "type" : "object",
      "required" : [ "responseMetadata" ],
      "properties" : {
        "responseMetadata" : {
          "$ref" : "#/definitions/responseMetadata"
        }
      }
    },
    "responseMetadata" : {
      "type" : "object",
      "required" : [ "requestId" ],
      "properties" : {
        "requestId" : {
          "type" : "string"
        }
      }
    },
    "ListPlatformApplicationsResponse" : {
      "type" : "object",
      "required" : [ "responseMetadata", "listPlatformApplicationsResult" ],
      "properties" : {
        "listPlatformApplicationsResult" : {
          "$ref" : "#/definitions/listPlatformApplicationsResult"
        },
        "responseMetadata" : {
          "$ref" : "#/definitions/responseMetadata"
        }
      }
    },
    "createPlatformApplicationResult" : {
      "type" : "object",
      "required" : [ "platformApplicationArn" ],
      "properties" : {
        "platformApplicationArn" : {
          "type" : "string"
        }
      }
    },
    "listPlatformApplicationsResult" : {
      "type" : "object",
      "required" : [ ],
      "properties" : {
        "platformApplications" : {
          "type" : "array",
          "items" : {
            "$ref" : "#/definitions/platformApplications",
            "uniqueItems" : false
          }
        },
        "nextToken" : {
          "type" : "string"
        }
      }
    }
  }
}