{
  "swagger" : "2.0",
  "info" : {
    "version" : "1.0",
    "title" : "Trigger Postpaid Rating",
    "description" : "Trigger Postpaid Rating"
  },
  "host" : "localhost:8080",
  "basePath" : "/",
  "schemes" : [ "http" ],
  "consumes" : [ "application/json" ],
  "produces" : [ "application/json" ],
  "paths" : {
    "/postpaid/{companyId}" : {
      "get" : {
        "description" : "",
        "operationId" : "get-postpaid",
        "consumes" : [ "application/json" ],
        "produces" : [ "application/json" ],
        "parameters" : [ {
          "name" : "companyId",
          "in" : "path",
          "description" : "",
          "type" : "string",
          "required" : true
        } ],
        "responses" : {
          "200" : {
            "description" : "a string to be returned",
            "schema" : {
              "type" : "string"
            },
            "headers" : { }
          },
          "411" : {
            "description" : "Company not registered"
          }
        }
      }
    }
  },
  "definitions" : { }
}