{
  "swagger" : "2.0",
  "info" : {
    "version" : "1.0",
    "title" : "Twilio Auhty TOTP RequestCallToken.",
    "description" : "Twilio Auhty TOTP RequestCallToken."
  },
  "host" : "HTTPConnectorGrp:8080",
  "basePath" : "/",
  "schemes" : [ "http" ],
  "consumes" : [ "application/json" ],
  "produces" : [ "application/json" ],
  "paths" : {
    "/totp/requestcalltoken" : {
      "post" : {
        "description" : "",
        "operationId" : "post-totp-requestcalltoken",
        "consumes" : [ "application/json", "application/xml" ],
        "produces" : [ "application/json", "application/xml" ],
        "parameters" : [ {
          "name" : "body",
          "in" : "body",
          "description" : "",
          "schema" : {
            "$ref" : "#/definitions/RequestCallTokenInput"
          },
          "required" : true
        } ],
        "responses" : {
          "200" : {
            "description" : "a RequestCallTokenOutput to be returned",
            "schema" : {
              "$ref" : "#/definitions/RequestCallTokenOutput"
            }
          },
          "400" : {
            "description" : "Bad Request",
            "schema" : {
              "type" : "string"
            }
          },
          "500" : {
            "description" : "Internal Server Error",
            "schema" : {
              "type" : "string"
            }
          }
        }
      }
    }
  },
  "definitions" : {
    "RequestCallTokenOutput" : {
      "type" : "object",
      "required" : [ ],
      "properties" : {
        "success" : {
          "type" : "boolean"
        },
        "message" : {
          "type" : "string"
        },
        "cellphone" : {
          "type" : "string"
        },
        "device" : {
          "type" : "string"
        },
        "ignored" : {
          "type" : "string"
        }
      }
    },
    "RequestCallTokenInput" : {
      "type" : "object",
      "required" : [ "APIKey", "AuthyId" ],
      "properties" : {
        "AuthyId" : {
          "type" : "string"
        },
        "APIKey" : {
          "type" : "string"
        }
      }
    }
  }
}