{
  "swagger" : "2.0",
  "info" : {
    "version" : "1.0",
    "title" : "Twilio Auhty PhoneIntelligence PhNoInformation.",
    "description" : "Twilio Auhty PhoneIntelligence PhNoInformation."
  },
  "host" : "HTTPConnectorGrp:8080",
  "basePath" : "/",
  "schemes" : [ "http" ],
  "consumes" : [ "application/json" ],
  "produces" : [ "application/json" ],
  "paths" : {
    "/phoneintelligence/phnoinformation" : {
      "post" : {
        "description" : "",
        "operationId" : "post-phoneintelligence-phnoinformation",
        "consumes" : [ "application/json", "application/xml" ],
        "produces" : [ "application/json", "application/xml" ],
        "parameters" : [ {
          "name" : "body",
          "in" : "body",
          "description" : "",
          "schema" : {
            "$ref" : "#/definitions/PhoneNumberInfoInput"
          },
          "required" : true
        } ],
        "responses" : {
          "200" : {
            "description" : "a PhoneNumberInfoOutput to be returned",
            "schema" : {
              "$ref" : "#/definitions/PhoneNumberInfoOutput"
            }
          },
          "400" : {
            "description" : "Bad Request",
            "schema" : {
              "type" : "string"
            }
          },
          "500" : {
            "description" : "Internal Server Error",
            "schema" : {
              "type" : "string"
            }
          }
        }
      }
    }
  },
  "definitions" : {
    "PhoneNumberInfoOutput" : {
      "type" : "object",
      "required" : [ ],
      "properties" : {
        "message" : {
          "type" : "string"
        },
        "type" : {
          "type" : "string"
        },
        "provider" : {
          "type" : "string"
        },
        "ported" : {
          "type" : "boolean"
        },
        "success" : {
          "type" : "boolean"
        }
      }
    },
    "PhoneNumberInfoInput" : {
      "type" : "object",
      "required" : [ "APIKey", "PhoneNumber", "CountryCode" ],
      "properties" : {
        "PhoneNumber" : {
          "type" : "string"
        },
        "CountryCode" : {
          "type" : "string"
        },
        "APIKey" : {
          "type" : "string"
        }
      }
    }
  }
}