{
  "swagger" : "2.0",
  "info" : {
    "version" : "1.0",
    "title" : "Twilio Auhty TOTP ApplicationStats.",
    "description" : "Twilio Auhty TOTP ApplicationStats."
  },
  "host" : "HTTPConnectorGrp:8080",
  "basePath" : "/",
  "schemes" : [ "http" ],
  "consumes" : [ "application/json" ],
  "produces" : [ "application/json" ],
  "paths" : {
    "/totp/applicationstats" : {
      "post" : {
        "description" : "",
        "operationId" : "post-totp-applicationstats",
        "consumes" : [ "application/json", "application/xml" ],
        "produces" : [ "application/json", "application/xml" ],
        "parameters" : [ {
          "name" : "body",
          "in" : "body",
          "description" : "",
          "schema" : {
            "$ref" : "#/definitions/AppicationStatsInput"
          },
          "required" : true
        } ],
        "responses" : {
          "200" : {
            "description" : "a AppicationStatsOutput to be returned",
            "schema" : {
              "$ref" : "#/definitions/AppicationStatsOutput"
            }
          },
          "400" : {
            "description" : "Bad Request",
            "schema" : {
              "type" : "string"
            }
          },
          "500" : {
            "description" : "Internal Server Error",
            "schema" : {
              "type" : "string"
            }
          }
        }
      }
    }
  },
  "definitions" : {
    "stats" : {
      "type" : "object",
      "required" : [ ],
      "properties" : {
        "sms_count" : {
          "type" : "integer"
        },
        "calls_count" : {
          "type" : "integer"
        },
        "users_count" : {
          "type" : "integer"
        },
        "auths_count" : {
          "type" : "integer"
        },
        "month" : {
          "type" : "string"
        },
        "api_calls_count" : {
          "type" : "integer"
        },
        "year" : {
          "type" : "integer"
        }
      }
    },
    "AppicationStatsInput" : {
      "type" : "object",
      "required" : [ "APIKey" ],
      "properties" : {
        "APIKey" : {
          "type" : "string"
        }
      }
    },
    "AppicationStatsOutput" : {
      "type" : "object",
      "required" : [ ],
      "properties" : {
        "stats" : {
          "type" : "array",
          "items" : {
            "$ref" : "#/definitions/stats",
            "uniqueItems" : false
          }
        },
        "message" : {
          "type" : "string"
        },
        "count" : {
          "type" : "integer"
        },
        "total_users" : {
          "type" : "integer"
        },
        "app_id" : {
          "type" : "integer"
        },
        "success" : {
          "type" : "boolean"
        }
      }
    }
  }
}