{
  "swagger" : "2.0",
  "info" : {
    "version" : "1.0",
    "title" : "Twilio Auhty OneTouch CheckApprovalRequestStatus.",
    "description" : "Twilio Auhty OneTouch CheckApprovalRequestStatus."
  },
  "host" : "HTTPConnectorGrp:8080",
  "basePath" : "/",
  "schemes" : [ "http" ],
  "consumes" : [ "application/json" ],
  "produces" : [ "application/json" ],
  "paths" : {
    "/onetouch/checkapprovalrequeststatus" : {
      "post" : {
        "description" : "",
        "operationId" : "post-onetouch-checkapprovalrequeststatus",
        "consumes" : [ "application/json", "application/xml" ],
        "produces" : [ "application/json", "application/xml" ],
        "parameters" : [ {
          "name" : "body",
          "in" : "body",
          "description" : "",
          "schema" : {
            "$ref" : "#/definitions/CheckApprovalRequestStatusInput"
          },
          "required" : true
        } ],
        "responses" : {
          "200" : {
            "description" : "a CheckApprovalRequestStatusOutput to be returned",
            "schema" : {
              "$ref" : "#/definitions/CheckApprovalRequestStatusOutput"
            }
          },
          "400" : {
            "description" : "Bad Request",
            "schema" : {
              "type" : "string"
            }
          },
          "500" : {
            "description" : "Internal Server Error",
            "schema" : {
              "type" : "string"
            }
          }
        }
      }
    }
  },
  "definitions" : {
    "CheckApprovalRequestStatusOutput" : {
      "type" : "object",
      "required" : [ ],
      "properties" : {
        "approval_request" : {
          "$ref" : "#/definitions/approval_request"
        },
        "success" : {
          "type" : "boolean"
        }
      }
    },
    "approval_request" : {
      "type" : "object",
      "required" : [ ],
      "properties" : {
        "_app_name" : {
          "type" : "string"
        },
        "_app_serial_id" : {
          "type" : "string"
        },
        "_authy_id" : {
          "type" : "string"
        },
        "_id" : {
          "type" : "string"
        },
        "_user_email" : {
          "type" : "string"
        },
        "app_id" : {
          "type" : "string"
        },
        "created_at" : {
          "type" : "string"
        },
        "notified" : {
          "type" : "boolean"
        },
        "processed_at" : {
          "type" : "string"
        },
        "seconds_to_expire" : {
          "type" : "string"
        },
        "status" : {
          "type" : "string"
        },
        "updated_at" : {
          "type" : "string"
        },
        "user_id" : {
          "type" : "string"
        },
        "uuid" : {
          "type" : "string"
        }
      }
    },
    "CheckApprovalRequestStatusInput" : {
      "type" : "object",
      "required" : [ "APIKey", "uuid" ],
      "properties" : {
        "uuid" : {
          "type" : "string"
        },
        "APIKey" : {
          "type" : "string"
        }
      }
    }
  }
}