{
  "swagger" : "2.0",
  "info" : {
    "version" : "1.0",
    "title" : "Twilio Auhty TOTP UserStatus.",
    "description" : "Twilio Auhty TOTP UserStatus."
  },
  "host" : "HTTPConnectorGrp:8080",
  "basePath" : "/",
  "schemes" : [ "http" ],
  "consumes" : [ "application/json" ],
  "produces" : [ "application/json" ],
  "paths" : {
    "/totp/userstatus" : {
      "post" : {
        "description" : "",
        "operationId" : "post-totp-userstatus",
        "consumes" : [ "application/json", "application/xml" ],
        "produces" : [ "application/json", "application/xml" ],
        "parameters" : [ {
          "name" : "body",
          "in" : "body",
          "description" : "",
          "schema" : {
            "$ref" : "#/definitions/UserStatusInput"
          },
          "required" : true
        } ],
        "responses" : {
          "200" : {
            "description" : "a UserStatusOutput to be returned",
            "schema" : {
              "$ref" : "#/definitions/UserStatusOutput"
            }
          },
          "400" : {
            "description" : "Bad Request",
            "schema" : {
              "type" : "string"
            }
          },
          "500" : {
            "description" : "Internal Server Error",
            "schema" : {
              "type" : "string"
            }
          }
        }
      }
    }
  },
  "definitions" : {
    "UserStatusInput" : {
      "type" : "object",
      "required" : [ "APIKey", "AuthyId" ],
      "properties" : {
        "AuthyId" : {
          "type" : "string"
        },
        "APIKey" : {
          "type" : "string"
        }
      }
    },
    "UserStatusOutput" : {
      "type" : "object",
      "required" : [ ],
      "properties" : {
        "status" : {
          "$ref" : "#/definitions/status"
        },
        "message" : {
          "type" : "string"
        },
        "success" : {
          "type" : "boolean"
        }
      }
    },
    "status" : {
      "type" : "object",
      "required" : [ ],
      "properties" : {
        "authy_id" : {
          "type" : "integer"
        },
        "confirmed" : {
          "type" : "boolean"
        },
        "registered" : {
          "type" : "boolean"
        },
        "country_code" : {
          "type" : "integer"
        },
        "phone_number" : {
          "type" : "string"
        },
        "devices" : {
          "type" : "array",
          "items" : {
            "type" : "string",
            "uniqueItems" : false
          }
        },
        "has_hard_token" : {
          "type" : "boolean"
        },
        "account_disabled" : {
          "type" : "boolean"
        }
      }
    }
  }
}