{
  "swagger" : "2.0",
  "info" : {
    "version" : "1.0",
    "title" : "Twilio Auhty PhoneVerification VerifyCode.",
    "description" : "Twilio Auhty PhoneVerification VerifyCode."
  },
  "host" : "HTTPConnectorGrp:8080",
  "basePath" : "/",
  "schemes" : [ "http" ],
  "consumes" : [ "application/json" ],
  "produces" : [ "application/json" ],
  "paths" : {
    "/phoneverification/verifycode" : {
      "post" : {
        "description" : "",
        "operationId" : "post-phoneverification-verifycode",
        "consumes" : [ "application/json", "application/xml" ],
        "produces" : [ "application/json", "application/xml" ],
        "parameters" : [ {
          "name" : "body",
          "in" : "body",
          "description" : "",
          "schema" : {
            "$ref" : "#/definitions/VerifyCodeInput"
          },
          "required" : true
        } ],
        "responses" : {
          "200" : {
            "description" : "a VerifyCodeOutput to be returned",
            "schema" : {
              "$ref" : "#/definitions/VerifyCodeOutput"
            }
          },
          "400" : {
            "description" : "Bad Request",
            "schema" : {
              "type" : "string"
            }
          },
          "500" : {
            "description" : "Internal Server Error",
            "schema" : {
              "type" : "string"
            }
          }
        }
      }
    }
  },
  "definitions" : {
    "VerifyCodeInput" : {
      "type" : "object",
      "required" : [ "APIKey", "PhoneNumber", "CountryCode", "Code" ],
      "properties" : {
        "Code" : {
          "type" : "string"
        },
        "PhoneNumber" : {
          "type" : "string"
        },
        "CountryCode" : {
          "type" : "string"
        },
        "APIKey" : {
          "type" : "string"
        }
      }
    },
    "VerifyCodeOutput" : {
      "type" : "object",
      "required" : [ ],
      "properties" : {
        "message" : {
          "type" : "string"
        },
        "success" : {
          "type" : "boolean"
        }
      }
    }
  }
}