{
    "records": [{
        "name": "Cloud",
        "items": [],
        "url": "https://integration.cloud.tibco.com:443"
    }],
    "resources": [
        {
            "location": "Service Descriptors/com.tibco.bw.provider.twilio.service.messaging.MessagingService-SMS.json",
            "type": "generated"
        },
        {
            "location": "Service Descriptors/com.tibco.bw.provider.twilio.service.account.AccountService-AccountService.json",
            "type": "generated"
        },
        {
            "location": "Service Descriptors/com.tibco.bw.provider.twilio.service.call.CallingService-Resource.json",
            "type": "generated"
        },
        {
            "location": "Service Descriptors/com.tibco.bw.provider.plivo.service.messaging.PlivoSMS-PlivoSMS.json",
            "type": "generated"
        },
        {
            "location": "Service Descriptors/com.tibco.bw.provider.plivo.service.call.CallingService-PlivoCall.json",
            "type": "generated"
        },
        {
            "location": "Service Descriptors/com.tibco.bw.provider.plivo.service.account.AccountService-PlivoAccount.json",
            "type": "generated"
        },
        {
            "location": "Service Descriptors/com.tibco.bw.provider.plivo.service.messaging.MessagingService-PlivoSMS.json",
            "type": "generated"
        },
        {
            "location": "Service Descriptors/com.tibco.bw.provider.generic.service.account.GenericAccount-GenericAccount.json",
            "type": "generated"
        },
        {
            "location": "Service Descriptors/com.tibco.bw.provider.generic.service.call.GenericCall-GenericCall.json",
            "type": "generated"
        },
        {
            "location": "Service Descriptors/com.tibco.bw.provider.generic.service.messaging.GenericSMS-GenericSMS.json",
            "type": "generated"
        }
    ]
}