{"records": [
    {
        "jsonSchemaLocation": "/com.tibco.bw.smsservice/Service Descriptors/com.tibco.bw.provider.twilio.service.messaging.MessagingService-SMS.json",
        "conversionType": "linked",
        "xsdSchemaTargetNamespace": "http://tns.tibco.com/bw/REST"
    },
    {
        "jsonSchemaLocation": "/com.tibco.bw.smsservice/Service Descriptors/com.tibco.bw.provider.twilio.service.messaging.MessagingService-SMS.json",
        "conversionType": "linked",
        "xsdSchemaTargetNamespace": "http://www.tibco.com/Providers/Twilio/V1/Services/SMS/SendSMS"
    },
    {
        "jsonSchemaLocation": "/com.tibco.bw.smsservice/Service Descriptors/com.tibco.bw.provider.twilio.service.account.AccountService-AccountService.json",
        "conversionType": "linked",
        "xsdSchemaTargetNamespace": "http://www.tibco.com/Providers/Twilio/V1/Services/Account/RetrieveAccountDetails"
    },
    {
        "jsonSchemaLocation": "/com.tibco.bw.smsservice/Service Descriptors/com.tibco.bw.provider.twilio.service.account.AccountService-AccountService.json",
        "conversionType": "linked",
        "xsdSchemaTargetNamespace": "http://tns.tibco.com/bw/REST"
    },
    {
        "jsonSchemaLocation": "/com.tibco.bw.smsservice/Service Descriptors/com.tibco.bw.provider.generic.service.account.GenericAccount-GenericAccount.json",
        "conversionType": "linked",
        "xsdSchemaTargetNamespace": "http://www.tibco.com/Common/Account/CreateSubAccount.xsd"
    },
    {
        "jsonSchemaLocation": "/com.tibco.bw.smsservice/Service Descriptors/com.tibco.bw.provider.generic.service.account.GenericAccount-GenericAccount.json",
        "conversionType": "linked",
        "xsdSchemaTargetNamespace": "http://tns.tibco.com/bw/REST"
    },
    {
        "jsonSchemaLocation": "/com.tibco.bw.smsservice/Service Descriptors/com.tibco.bw.provider.generic.service.call.GenericCall-GenericCall.json",
        "conversionType": "linked",
        "xsdSchemaTargetNamespace": "http://www.tibco.com/Common/Calling/MakeCall.xsd"
    },
    {
        "jsonSchemaLocation": "/com.tibco.bw.smsservice/Service Descriptors/com.tibco.bw.provider.generic.service.call.GenericCall-GenericCall.json",
        "conversionType": "linked",
        "xsdSchemaTargetNamespace": "http://tns.tibco.com/bw/REST"
    },
    {
        "jsonSchemaLocation": "/com.tibco.bw.smsservice/Service Descriptors/com.tibco.bw.provider.generic.service.messaging.GenericSMS-GenericSMS.json",
        "conversionType": "linked",
        "xsdSchemaTargetNamespace": "http://www.tibco.com/Common/Messaging/SendSMS.xsd"
    },
    {
        "jsonSchemaLocation": "/com.tibco.bw.smsservice/Service Descriptors/com.tibco.bw.provider.generic.service.messaging.GenericSMS-GenericSMS.json",
        "conversionType": "linked",
        "xsdSchemaTargetNamespace": "http://tns.tibco.com/bw/REST"
    }
]}