<?xml version="1.0" encoding="ASCII"?>
<annox:package xmlns:annox="http://annox.dev.java.net" xmlns:jaxb="http://annox.dev.java.net/javax.xml.bind.annotation">
  <annox:class name="ResponseMetadata">
    <jaxb:XmlAccessorType value="NONE"/>
    <jaxb:XmlType name="ResponseMetadataType" propOrder="RequestId "/>
    <jaxb:XmlRootElement name="ResponseMetadata" namespace="www.tibco.com/plugin/java/xmlSchema/com.tibco.aws.sns.CreateTopicResponse"/>
    <annox:field name="RequestId">
      <jaxb:XmlElement name="RequestId" namespace="www.tibco.com/plugin/java/xmlSchema/com.tibco.aws.sns.CreateTopicResponse"/>
    </annox:field>
  </annox:class>
  <jaxb:XmlSchema elementFormDefault="QUALIFIED" namespace="www.tibco.com/plugin/java/xmlSchema/com.tibco.aws.sns.CreateTopicResponse"/>
</annox:package>