{
  "swagger": "2.0",
  "info": {
    "version": "1.0.0",
    "title": "webhooks",
    "x-lastModified": "Aug 22, 2016 07:03AM PST"
  },
  "paths": {
    "/webhooks": {
      "get": {
        "produces": [
          "application/json"
        ],
        "responses": {
          "200": {
            "description": "Success response"
          }
        },
        "parameters": [
          {
            "name": "api_key",
            "in": "query",
            "description": "",
            "required": true,
            "type": "string",
            "format": "",
            "default": ""
          },
          {
            "name": "page",
            "in": "query",
            "description": "Which page of resources to return. Defaults to 1",
            "required": false,
            "type": "integer",
            "format": "int32",
            "default": 1
          },
          {
            "name": "per_page",
            "in": "query",
            "description": "Number of resources to return per page",
            "required": false,
            "type": "integer",
            "format": "int32"
          },
          {
            "name": "OAuth-Key",
            "in": "header",
            "description": "",
            "required": true,
            "type": "string",
            "format": "",
            "default": ""
          }
        ]
      },
      "post": {
        "produces": [
          "application/json"
        ],
        "responses": {
          "200": {
            "description": "Success response"
          }
        },
        "parameters": [
          {
            "name": "api_key",
            "in": "query",
            "description": "",
            "required": true,
            "type": "string",
            "format": "",
            "default": "",
            "path": "/webhooks",
            "method": "post"
          },
          {
            "name": "Oauth-Key",
            "in": "header",
            "description": "",
            "required": true,
            "type": "string",
            "format": "",
            "default": ""
          }
        ]
      }
    },
    "/webhooks/{id}": {
      "get": {
        "produces": [
          "application/json"
        ],
        "responses": {
          "200": {
            "description": "Success response"
          }
        },
        "parameters": [
          {
            "name": "api_key",
            "in": "query",
            "description": "",
            "required": true,
            "type": "string",
            "format": "",
            "default": ""
          },
          {
            "name": "OAuth-Key",
            "in": "header",
            "description": "",
            "required": true,
            "type": "string",
            "format": "",
            "default": ""
          },
          {
            "name": "id",
            "in": "path",
            "description": "",
            "required": true,
            "type": "string",
            "format": ""
          }
        ]
      },
      "put": {
        "produces": [
          "application/json"
        ],
        "responses": {
          "200": {
            "description": "Success response"
          }
        },
        "parameters": [
          {
            "name": "api_key",
            "in": "query",
            "description": "",
            "required": true,
            "type": "string",
            "format": "",
            "default": ""
          },
          {
            "name": "OAuth-Key",
            "in": "header",
            "description": "",
            "required": true,
            "type": "string",
            "format": "",
            "default": ""
          },
          {
            "name": "id",
            "in": "path",
            "description": "",
            "required": true,
            "type": "string",
            "format": ""
          }
        ]
      },
      "delete": {
        "produces": [
          "application/json"
        ],
        "responses": {
          "200": {
            "description": "Success response"
          }
        },
        "parameters": [
          {
            "name": "api_key",
            "in": "query",
            "description": "",
            "required": true,
            "type": "string",
            "format": "",
            "default": ""
          },
          {
            "name": "OAuth-Key",
            "in": "header",
            "description": "",
            "required": true,
            "type": "string",
            "format": "",
            "default": ""
          },
          {
            "name": "id",
            "in": "path",
            "description": "",
            "required": true,
            "type": "string",
            "format": ""
          }
        ]
      }
    }
  }
}