<?xml version="1.0" encoding="ASCII"?>
<annox:class xmlns:annox="http://annox.dev.java.net" xmlns:jaxb="http://annox.dev.java.net/javax.xml.bind.annotation" name="CreateTopicResponse">
  <jaxb:XmlAccessorType value="NONE"/>
  <jaxb:XmlType name="CreateTopicResponseType" propOrder="createTopicResult responseMetadata "/>
  <jaxb:XmlRootElement name="CreateTopicResponse" namespace="www.tibco.com/plugin/java/xmlSchema/com.tibco.aws.sns.CreateTopicResponse"/>
  <annox:field name="createTopicResult">
    <jaxb:XmlElement name="CreateTopicResult" namespace="www.tibco.com/plugin/java/xmlSchema/com.tibco.aws.sns.CreateTopicResponse"/>
  </annox:field>
  <annox:field name="responseMetadata">
    <jaxb:XmlElement name="ResponseMetadata" namespace="www.tibco.com/plugin/java/xmlSchema/com.tibco.aws.sns.CreateTopicResponse"/>
  </annox:field>
</annox:class>