{
    "records": [{
        "name": "Cloud",
        "items": [{
            "localTimestamp": 1471607110358,
            "localURI": "/MongoUtil/Service Descriptors/MongoUtility.application_1.0.json",
            "disabled": false,
            "remoteTimestamp": 1471384132000,
            "localHash": "b784563e85d3fbf401c4c301a193a208a0d1181d",
            "remoteId": "4",
            "remoteHash": "b784563e85d3fbf401c4c301a193a208a0d1181d"
        }],
        "url": "https://integration.cloud.tibco.com:443"
    }],
    "resources": []
}