{
    "records": [{
        "name": "Cloud",
        "items": [{
            "localTimestamp": 1472190501809,
            "localURI": "/Twilio.module/Service Descriptors/TwilioConnector_1.0.json",
            "disabled": false,
            "remoteTimestamp": 1472120129000,
            "localHash": "c3bebf96a0f41d575b0bdf00c9590f66f4e8ff16",
            "remoteId": "6",
            "remoteHash": "c3bebf96a0f41d575b0bdf00c9590f66f4e8ff16"
        }],
        "url": "https://integration.cloud.tibco.com:443"
    }],
    "resources": []
}