{
  "swagger" : "2.0",
  "info" : {
    "version" : "1.0",
    "title" : "Summary about the new REST service.",
    "description" : "Summary about the new REST service."
  },
  "host" : "localhost:19001",
  "basePath" : "/",
  "schemes" : [ "http" ],
  "consumes" : [ "application/json" ],
  "produces" : [ "application/json" ],
  "paths" : {
    "/GetBasicLinkedInDetailsService" : {
      "post" : {
        "description" : "",
        "operationId" : "post-GetBasicLinkedInDetailsService",
        "consumes" : [ "application/json" ],
        "produces" : [ "application/json" ],
        "parameters" : [ {
          "name" : "body",
          "in" : "body",
          "description" : "",
          "schema" : {
            "$ref" : "#/definitions/PostInput"
          },
          "required" : true
        } ],
        "responses" : {
          "200" : {
            "description" : "a Response to be returned",
            "schema" : {
              "$ref" : "#/definitions/Response"
            }
          }
        }
      },
      "get" : {
        "description" : "",
        "operationId" : "get-GetBasicLinkedInDetailsService",
        "consumes" : [ "application/json" ],
        "produces" : [ "application/json" ],
        "parameters" : [ {
          "name" : "AcessToken",
          "in" : "query",
          "description" : "",
          "type" : "string",
          "required" : false
        } ],
        "responses" : {
          "200" : {
            "description" : "a GetBasicDetailsElement to be returned",
            "schema" : {
              "$ref" : "#/definitions/GetBasicDetailsElement"
            }
          }
        }
      }
    }
  },
  "definitions" : {
    "Response" : {
      "type" : "object",
      "required" : [ "Status", "UpdateKey", "Url" ],
      "properties" : {
        "UpdateKey" : {
          "type" : "string"
        },
        "Url" : {
          "type" : "string"
        },
        "Status" : {
          "type" : "string"
        }
      }
    },
    "PostInput" : {
      "type" : "object",
      "required" : [ "Comment", "AcessToken", "Visibility", "Url" ],
      "properties" : {
        "Comment" : {
          "type" : "string"
        },
        "Url" : {
          "type" : "string"
        },
        "Visibility" : {
          "type" : "string"
        },
        "AcessToken" : {
          "type" : "string"
        }
      }
    },
    "GetBasicDetailsElement" : {
      "type" : "object",
      "required" : [ "firstName", "lastName", "id", "headline", "siteStandardProfileRequest" ],
      "properties" : {
        "firstName" : {
          "type" : "string"
        },
        "headline" : {
          "type" : "string"
        },
        "id" : {
          "type" : "string"
        },
        "lastName" : {
          "type" : "string"
        },
        "siteStandardProfileRequest" : {
          "$ref" : "#/definitions/siteStandardProfileRequest"
        }
      }
    },
    "siteStandardProfileRequest" : {
      "type" : "object",
      "required" : [ "url" ],
      "properties" : {
        "url" : {
          "type" : "string"
        }
      }
    }
  }
}