{
  "swagger" : "2.0",
  "info" : {
    "version" : "1.0",
    "title" : "Summary about the new REST service.",
    "description" : "Summary about the new REST service."
  },
  "host" : "localhost:19001",
  "basePath" : "/",
  "schemes" : [ "http" ],
  "consumes" : [ "application/json" ],
  "produces" : [ "application/json" ],
  "paths" : {
    "/GetAdditionalLinkedInDetails" : {
      "post" : {
        "description" : "",
        "operationId" : "post-GetAdditionalLinkedInDetails",
        "consumes" : [ "application/json" ],
        "produces" : [ "application/json" ],
        "parameters" : [ {
          "name" : "body",
          "in" : "body",
          "description" : "",
          "schema" : {
            "$ref" : "#/definitions/PostInpt"
          },
          "required" : true
        } ],
        "responses" : {
          "200" : {
            "description" : "a Response to be returned",
            "schema" : {
              "$ref" : "#/definitions/Response"
            }
          }
        }
      },
      "get" : {
        "description" : "",
        "operationId" : "get-GetAdditionalLinkedInDetails",
        "consumes" : [ "application/json" ],
        "produces" : [ "application/json" ],
        "parameters" : [ {
          "name" : "AccessToken",
          "in" : "query",
          "description" : "",
          "type" : "string",
          "required" : false
        } ],
        "responses" : {
          "200" : {
            "description" : "a GetAdditionDetails to be returned",
            "schema" : {
              "$ref" : "#/definitions/GetAdditionDetails"
            }
          }
        }
      }
    }
  },
  "definitions" : {
    "Response" : {
      "type" : "object",
      "required" : [ "Status", "UpdateKey", "Url" ],
      "properties" : {
        "UpdateKey" : {
          "type" : "string"
        },
        "Url" : {
          "type" : "string"
        },
        "Status" : {
          "type" : "string"
        }
      }
    },
    "visibility" : {
      "type" : "object",
      "required" : [ "code" ],
      "properties" : {
        "code" : {
          "type" : "string"
        }
      }
    },
    "GetAdditionDetails" : {
      "type" : "object",
      "required" : [ "id" ],
      "properties" : {
        "id" : {
          "type" : "string"
        },
        "numConnections" : {
          "type" : "string"
        },
        "pictureUrl" : {
          "type" : "string"
        }
      }
    },
    "PostInpt" : {
      "type" : "object",
      "required" : [ "visibility", "AccessToken", "comment", "url", "content" ],
      "properties" : {
        "comment" : {
          "type" : "string"
        },
        "url" : {
          "type" : "string"
        },
        "AccessToken" : {
          "type" : "string"
        },
        "content" : {
          "$ref" : "#/definitions/content"
        },
        "visibility" : {
          "$ref" : "#/definitions/visibility"
        }
      }
    },
    "content" : {
      "type" : "object",
      "required" : [ "submitted-url", "description", "submitted-image-url", "title" ],
      "properties" : {
        "title" : {
          "type" : "string"
        },
        "description" : {
          "type" : "string"
        },
        "submitted-url" : {
          "type" : "string"
        },
        "submitted-image-url" : {
          "type" : "string"
        }
      }
    }
  }
}