{
    "records": [{
        "name": "Cloud",
        "items": [],
        "url": "https://integration.cloud.tibco.com:443"
    }],
    "resources": [
        {
            "location": "Service Descriptors/alchemylanguage.authors.HTMLGetAuthors-HTMLGetAuthorsResource.json",
            "type": "generated"
        },
        {
            "location": "Service Descriptors/alchemylanguage.authors.URLGetAuthors-URLGetAuthors.json",
            "type": "generated"
        },
        {
            "location": "Service Descriptors/alchemylanguage.concepts.HTMLGetRankedConcepts-HTMLGetRankedConcepts.json",
            "type": "generated"
        },
        {
            "location": "Service Descriptors/alchemylanguage.dateextraction.HTMLExtractDates-HTMLExtractDates.json",
            "type": "generated"
        },
        {
            "location": "Service Descriptors/alchemylanguage.emotionanalysis.HTMLGetEmotion-HTMLGetEmotion.json",
            "type": "generated"
        },
        {
            "location": "Service Descriptors/alchemylanguage.emotionanalysis.HTMLGetTargetedEmotion-HTMLGetTargetedEmotion.json",
            "type": "generated"
        },
        {
            "location": "Service Descriptors/alchemylanguage.entities.HTMLGetRankedNamedEntities-HTMLGetRankedNamedEntities.json",
            "type": "generated"
        },
        {
            "location": "Service Descriptors/alchemylanguage.feeddetection.HTMLGetFeedLinks-HTMLGetFeedLinks.json",
            "type": "generated"
        },
        {
            "location": "Service Descriptors/alchemylanguage.keywords.HTMLGetRankedKeywords-HTMLGetRankedKeywords.json",
            "type": "generated"
        },
        {
            "location": "Service Descriptors/alchemylanguage.microformats.HTMLGetMicroformatData-HTMLGetMicroformatData.json",
            "type": "generated"
        },
        {
            "location": "Service Descriptors/alchemylanguage.publicationdate.HTMLGetPubDate-HTMLGetPubDate.json",
            "type": "generated"
        },
        {
            "location": "Service Descriptors/alchemylanguage.relations.HTMLGetRelations-HTMLGetRelations.json",
            "type": "generated"
        },
        {
            "location": "Service Descriptors/alchemylanguage.typedrelations.HTMLGetTypedRelations-HTMLGetTypedRelations.json",
            "type": "generated"
        },
        {
            "location": "Service Descriptors/alchemylanguage.sentiment.HTMLGetTargetedSentiment-HTMLGetTargetedSentiment.json",
            "type": "generated"
        },
        {
            "location": "Service Descriptors/alchemylanguage.sentiment.HTMLGetTextSentiment-HTMLGetTextSentiment.json",
            "type": "generated"
        },
        {
            "location": "Service Descriptors/alchemylanguage.taxonomy.HTMLGetRankedTaxonomy-HTMLGetRankedTaxonomy.json",
            "type": "generated"
        },
        {
            "location": "Service Descriptors/alchemylanguage.textextraction.HTMLGetRawText-HTMLGetRawText.json",
            "type": "generated"
        },
        {
            "location": "Service Descriptors/alchemylanguage.titleextraction.HTMLGetTitle-HTMLGetTitle.json",
            "type": "generated"
        },
        {
            "location": "Service Descriptors/alchemylanguage.combinedcall.HTMLGetCombinedData-HTMLGetCombinedData.json",
            "type": "generated"
        },
        {
            "location": "Service Descriptors/alchemylanguage.textextraction.HTMLGetText-HTMLGetText.json",
            "type": "generated"
        },
        {
            "location": "Service Descriptors/language.conceptinsights.accounts.getAccounts-getAccounts.json",
            "type": "generated"
        },
        {
            "location": "Service Descriptors/language.conceptinsights.graphs.listGraphs-listGraphs.json",
            "type": "generated"
        },
        {
            "location": "Service Descriptors/language.conceptinsights.graphs.graphLabelSearch-graphLabelSearch.json",
            "type": "generated"
        },
        {
            "location": "Service Descriptors/language.conceptinsights.graphs.getGraphRelatedConcepts-getGraphRelatedConcepts.json",
            "type": "generated"
        },
        {
            "location": "Service Descriptors/language.conceptinsights.graphs.annotateText-annotateText.json",
            "type": "generated"
        },
        {
            "location": "Service Descriptors/language.conceptinsights.graphs.getConcept-getConcept.json",
            "type": "generated"
        },
        {
            "location": "Service Descriptors/language.conceptinsights.graphs.getRelatedConcepts-getRelatedConcepts.json",
            "type": "generated"
        },
        {
            "location": "Service Descriptors/language.conceptinsights.graphs.getGraphRelationScore-getGraphRelationScore.json",
            "type": "generated"
        },
        {
            "location": "Service Descriptors/language.conceptinsights.corpora.getCorpora-getCorpora.json",
            "type": "generated"
        },
        {
            "location": "Service Descriptors/language.conceptinsights.corpora.getAccountCorpora-getAccountCorpora.json",
            "type": "generated"
        },
        {
            "location": "Service Descriptors/language.conceptinsights.corpora.getCorpus-getCorpus.json",
            "type": "generated"
        },
        {
            "location": "Service Descriptors/language.conceptinsights.corpora.listCorpus-listCorpus.json",
            "type": "generated"
        },
        {
            "location": "Service Descriptors/language.conceptinsights.corpora.getdocument-getdocument.json",
            "type": "generated"
        },
        {
            "location": "Service Descriptors/language.conceptinsights.corpora.getSearchableCorpusState-getSearchableCorpusState.json",
            "type": "generated"
        },
        {
            "location": "Service Descriptors/language.conceptinsights.corpora.getSearchableCorpusStats-getSearchableCorpusStats.json",
            "type": "generated"
        },
        {
            "location": "Service Descriptors/language.conceptinsights.corpora.searchableLabelSearch-searchableLabelSearch.json",
            "type": "generated"
        },
        {
            "location": "Service Descriptors/language.conceptinsights.corpora.getCorpusRelatedConcepts-getCorpusRelatedConcepts.json",
            "type": "generated"
        },
        {
            "location": "Service Descriptors/language.conceptinsights.corpora.getCorporaRelationScore-getCorporaRelationScore.json",
            "type": "generated"
        },
        {
            "location": "Service Descriptors/language.conceptinsights.corpora.conceptualSearch-conceptualSearch.json",
            "type": "generated"
        },
        {
            "location": "Service Descriptors/language.conceptinsights.corpora.getDocumentAnnotations-getDocumentAnnotations.json",
            "type": "generated"
        },
        {
            "location": "Service Descriptors/language.conceptinsights.corpora.getSearchableDocumentState-getSearchableDocumentState.json",
            "type": "generated"
        },
        {
            "location": "Service Descriptors/language.conceptinsights.corpora.getSearchableRelatedConcepts-getSearchableRelatedConcepts.json",
            "type": "generated"
        },
        {
            "location": "Service Descriptors/language.conceptinsights.corpora.getDocumentRelationScore-getDocumentRelationScore.json",
            "type": "generated"
        },
        {
            "location": "Service Descriptors/language.conversation.message.getMessage-getMessage.json",
            "type": "generated"
        },
        {
            "location": "Service Descriptors/language.dialog.content.listDialogs-listDialogs.json",
            "type": "generated"
        },
        {
            "location": "Service Descriptors/language.dialog.content.getDialogs-getDialogs.json",
            "type": "generated"
        },
        {
            "location": "Service Descriptors/language.dialog.content.getContent-getContent.json",
            "type": "generated"
        },
        {
            "location": "Service Descriptors/language.dialog.conversation.getConversations-getConversations.json",
            "type": "generated"
        },
        {
            "location": "Service Descriptors/language.dialog.profile.getProfile-getProfile.json",
            "type": "generated"
        },
        {
            "location": "Service Descriptors/language.documentconversion.documentconversion.convertDocumentByUpload-convertDocumentByUpload.json",
            "type": "generated"
        },
        {
            "location": "Service Descriptors/language.documentconversion.documentconversion.indexDocument-indexDocument.json",
            "type": "generated"
        },
        {
            "location": "Service Descriptors/language.languagetranslation.models.listModels-listModels.json",
            "type": "generated"
        },
        {
            "location": "Service Descriptors/language.languagetranslation.models.getTranslationModels-getTranslationModels.json",
            "type": "generated"
        },
        {
            "location": "Service Descriptors/language.languagetranslation.translate.translateGet-translateGet.json",
            "type": "generated"
        },
        {
            "location": "Service Descriptors/language.languagetranslation.identify.listIdentifiableLanguages-listIdentifiableLanguages.json",
            "type": "generated"
        },
        {
            "location": "Service Descriptors/language.languagetranslation.identify.identifyLanguageGet-identifyLanguageGet.json",
            "type": "generated"
        },
        {
            "location": "Service Descriptors/language.naturallanguageclassifier.classifiers.createClassifiers-createClassifiers.json",
            "type": "generated"
        },
        {
            "location": "Service Descriptors/language.naturallanguageclassifier.classifiers.classify_post-classify_post.json",
            "type": "generated"
        },
        {
            "location": "Service Descriptors/language.naturallanguageclassifier.classifiers.getStatus-getStatus.json",
            "type": "generated"
        },
        {
            "location": "Service Descriptors/language.personalityinsights.personalityinsights.profile-profile.json",
            "type": "generated"
        },
        {
            "location": "Service Descriptors/language.personalityinsights.personalityinsights.visualize-visualize.json",
            "type": "generated"
        },
        {
            "location": "Service Descriptors/language.toneanalyzer.tone.getTone-getTone.json",
            "type": "generated"
        }
    ]
}