{"records": [
    {
        "jsonSchemaLocation": "/IBMWatsonConnector.module/Service Descriptors/alchemylanguage.dateextraction.HTMLExtractDates-HTMLExtractDates.json",
        "conversionType": "linked",
        "xsdSchemaTargetNamespace": "http://tns.tibco.com/bw/REST"
    },
    {
        "jsonSchemaLocation": "/IBMWatsonConnector.module/Service Descriptors/alchemylanguage.emotionanalysis.HTMLGetEmotion-HTMLGetEmotion.json",
        "conversionType": "linked",
        "xsdSchemaTargetNamespace": "http://tns.tibco.com/bw/REST"
    },
    {
        "jsonSchemaLocation": "/IBMWatsonConnector.module/Service Descriptors/alchemylanguage.emotionanalysis.HTMLGetTargetedEmotion-HTMLGetTargetedEmotion.json",
        "conversionType": "linked",
        "xsdSchemaTargetNamespace": "http://tns.tibco.com/bw/REST"
    },
    {
        "jsonSchemaLocation": "/IBMWatsonConnector.module/Service Descriptors/alchemylanguage.entities.HTMLGetRankedNamedEntities-HTMLGetRankedNamedEntities.json",
        "conversionType": "linked",
        "xsdSchemaTargetNamespace": "http://tns.tibco.com/bw/REST"
    },
    {
        "jsonSchemaLocation": "/IBMWatsonConnector.module/Service Descriptors/alchemylanguage.feeddetection.HTMLGetFeedLinks-HTMLGetFeedLinks.json",
        "conversionType": "linked",
        "xsdSchemaTargetNamespace": "http://tns.tibco.com/bw/REST"
    },
    {
        "jsonSchemaLocation": "/IBMWatsonConnector.module/Service Descriptors/alchemylanguage.keywords.HTMLGetRankedKeywords-HTMLGetRankedKeywords.json",
        "conversionType": "linked",
        "xsdSchemaTargetNamespace": "http://tns.tibco.com/bw/REST"
    },
    {
        "jsonSchemaLocation": "/IBMWatsonConnector.module/Service Descriptors/alchemylanguage.microformats.HTMLGetMicroformatData-HTMLGetMicroformatData.json",
        "conversionType": "linked",
        "xsdSchemaTargetNamespace": "http://tns.tibco.com/bw/REST"
    },
    {
        "jsonSchemaLocation": "/IBMWatsonConnector.module/Service Descriptors/alchemylanguage.publicationdate.HTMLGetPubDate-HTMLGetPubDate.json",
        "conversionType": "linked",
        "xsdSchemaTargetNamespace": "http://tns.tibco.com/bw/REST"
    },
    {
        "jsonSchemaLocation": "/IBMWatsonConnector.module/Service Descriptors/alchemylanguage.relations.HTMLGetRelations-HTMLGetRelations.json",
        "conversionType": "linked",
        "xsdSchemaTargetNamespace": "http://tns.tibco.com/bw/REST"
    },
    {
        "jsonSchemaLocation": "/IBMWatsonConnector.module/Service Descriptors/alchemylanguage.typedrelations.HTMLGetTypedRelations-HTMLGetTypedRelations.json",
        "conversionType": "linked",
        "xsdSchemaTargetNamespace": "http://tns.tibco.com/bw/REST"
    },
    {
        "jsonSchemaLocation": "/IBMWatsonConnector.module/Service Descriptors/alchemylanguage.sentiment.HTMLGetTargetedSentiment-HTMLGetTargetedSentiment.json",
        "conversionType": "linked",
        "xsdSchemaTargetNamespace": "http://tns.tibco.com/bw/REST"
    },
    {
        "jsonSchemaLocation": "/IBMWatsonConnector.module/Service Descriptors/alchemylanguage.sentiment.HTMLGetTextSentiment-HTMLGetTextSentiment.json",
        "conversionType": "linked",
        "xsdSchemaTargetNamespace": "http://tns.tibco.com/bw/REST"
    },
    {
        "jsonSchemaLocation": "/IBMWatsonConnector.module/Service Descriptors/alchemylanguage.taxonomy.HTMLGetRankedTaxonomy-HTMLGetRankedTaxonomy.json",
        "conversionType": "linked",
        "xsdSchemaTargetNamespace": "http://tns.tibco.com/bw/REST"
    },
    {
        "jsonSchemaLocation": "/IBMWatsonConnector.module/Service Descriptors/alchemylanguage.textextraction.HTMLGetRawText-HTMLGetRawText.json",
        "conversionType": "linked",
        "xsdSchemaTargetNamespace": "http://tns.tibco.com/bw/REST"
    },
    {
        "jsonSchemaLocation": "/IBMWatsonConnector.module/Service Descriptors/alchemylanguage.titleextraction.HTMLGetTitle-HTMLGetTitle.json",
        "conversionType": "linked",
        "xsdSchemaTargetNamespace": "http://tns.tibco.com/bw/REST"
    },
    {
        "jsonSchemaLocation": "/IBMWatsonConnector.module/Service Descriptors/alchemylanguage.combinedcall.HTMLGetCombinedData-HTMLGetCombinedData.json",
        "conversionType": "linked",
        "xsdSchemaTargetNamespace": "http://tns.tibco.com/bw/REST"
    },
    {
        "jsonSchemaLocation": "/IBMWatsonConnector.module/Service Descriptors/language.conceptinsights.accounts.getAccounts-getAccounts.json",
        "conversionType": "linked",
        "xsdSchemaTargetNamespace": "http://tns.tibco.com/bw/REST"
    },
    {
        "jsonSchemaLocation": "/IBMWatsonConnector.module/Service Descriptors/language.conceptinsights.graphs.listGraphs-listGraphs.json",
        "conversionType": "linked",
        "xsdSchemaTargetNamespace": "http://tns.tibco.com/bw/REST"
    },
    {
        "jsonSchemaLocation": "/IBMWatsonConnector.module/Service Descriptors/language.conceptinsights.graphs.graphLabelSearch-graphLabelSearch.json",
        "conversionType": "linked",
        "xsdSchemaTargetNamespace": "http://tns.tibco.com/bw/REST"
    },
    {
        "jsonSchemaLocation": "/IBMWatsonConnector.module/Service Descriptors/language.conceptinsights.graphs.graphLabelSearch-graphLabelSearch.json",
        "conversionType": "linked",
        "xsdSchemaTargetNamespace": "http://xmlns.example.com/graphLabelSearch/parameters"
    },
    {
        "jsonSchemaLocation": "/IBMWatsonConnector.module/Service Descriptors/language.conceptinsights.graphs.getGraphRelatedConcepts-getGraphRelatedConcepts.json",
        "conversionType": "linked",
        "xsdSchemaTargetNamespace": "http://tns.tibco.com/bw/REST"
    },
    {
        "jsonSchemaLocation": "/IBMWatsonConnector.module/Service Descriptors/language.conceptinsights.graphs.getGraphRelatedConcepts-getGraphRelatedConcepts.json",
        "conversionType": "linked",
        "xsdSchemaTargetNamespace": "http://xmlns.example.com/getGraphRelatedConcepts/parameters"
    },
    {
        "jsonSchemaLocation": "/IBMWatsonConnector.module/Service Descriptors/language.conceptinsights.graphs.annotateText-annotateText.json",
        "conversionType": "linked",
        "xsdSchemaTargetNamespace": "http://xmlns.example.com/annotateText/parameters"
    },
    {
        "jsonSchemaLocation": "/IBMWatsonConnector.module/Service Descriptors/language.conceptinsights.graphs.annotateText-annotateText.json",
        "conversionType": "linked",
        "xsdSchemaTargetNamespace": "http://tns.tibco.com/bw/REST"
    },
    {
        "jsonSchemaLocation": "/IBMWatsonConnector.module/Service Descriptors/language.conceptinsights.graphs.getConcept-getConcept.json",
        "conversionType": "linked",
        "xsdSchemaTargetNamespace": "http://tns.tibco.com/bw/REST"
    },
    {
        "jsonSchemaLocation": "/IBMWatsonConnector.module/Service Descriptors/language.conceptinsights.graphs.getConcept-getConcept.json",
        "conversionType": "linked",
        "xsdSchemaTargetNamespace": "http://xmlns.example.com/getConcept/parameters"
    },
    {
        "jsonSchemaLocation": "/IBMWatsonConnector.module/Service Descriptors/language.conceptinsights.graphs.getRelatedConcepts-getRelatedConcepts.json",
        "conversionType": "linked",
        "xsdSchemaTargetNamespace": "http://tns.tibco.com/bw/REST"
    },
    {
        "jsonSchemaLocation": "/IBMWatsonConnector.module/Service Descriptors/language.conceptinsights.graphs.getRelatedConcepts-getRelatedConcepts.json",
        "conversionType": "linked",
        "xsdSchemaTargetNamespace": "http://xmlns.example.com/getRelatedConcepts/parameters"
    },
    {
        "jsonSchemaLocation": "/IBMWatsonConnector.module/Service Descriptors/language.conceptinsights.graphs.getGraphRelationScore-getGraphRelationScore.json",
        "conversionType": "linked",
        "xsdSchemaTargetNamespace": "http://xmlns.example.com/getGraphRelationScore/parameters"
    },
    {
        "jsonSchemaLocation": "/IBMWatsonConnector.module/Service Descriptors/language.conceptinsights.graphs.getGraphRelationScore-getGraphRelationScore.json",
        "conversionType": "linked",
        "xsdSchemaTargetNamespace": "http://tns.tibco.com/bw/REST"
    },
    {
        "jsonSchemaLocation": "/IBMWatsonConnector.module/Service Descriptors/language.conceptinsights.corpora.getCorpora-getCorpora.json",
        "conversionType": "linked",
        "xsdSchemaTargetNamespace": "http://tns.tibco.com/bw/REST"
    },
    {
        "jsonSchemaLocation": "/IBMWatsonConnector.module/Service Descriptors/language.conceptinsights.corpora.getAccountCorpora-getAccountCorpora.json",
        "conversionType": "linked",
        "xsdSchemaTargetNamespace": "http://tns.tibco.com/bw/REST"
    },
    {
        "jsonSchemaLocation": "/IBMWatsonConnector.module/Service Descriptors/language.conceptinsights.corpora.getAccountCorpora-getAccountCorpora.json",
        "conversionType": "linked",
        "xsdSchemaTargetNamespace": "http://xmlns.example.com/getAccountCorpora/parameters"
    },
    {
        "jsonSchemaLocation": "/IBMWatsonConnector.module/Service Descriptors/language.conceptinsights.corpora.getCorpus-getCorpus.json",
        "conversionType": "linked",
        "xsdSchemaTargetNamespace": "http://xmlns.example.com/getCorpus/parameters"
    },
    {
        "jsonSchemaLocation": "/IBMWatsonConnector.module/Service Descriptors/language.conceptinsights.corpora.getCorpus-getCorpus.json",
        "conversionType": "linked",
        "xsdSchemaTargetNamespace": "http://tns.tibco.com/bw/REST"
    },
    {
        "jsonSchemaLocation": "/IBMWatsonConnector.module/Service Descriptors/language.conceptinsights.corpora.listCorpus-listCorpus.json",
        "conversionType": "linked",
        "xsdSchemaTargetNamespace": "http://xmlns.example.com/listCorpus/parameters"
    },
    {
        "jsonSchemaLocation": "/IBMWatsonConnector.module/Service Descriptors/language.conceptinsights.corpora.listCorpus-listCorpus.json",
        "conversionType": "linked",
        "xsdSchemaTargetNamespace": "http://tns.tibco.com/bw/REST"
    },
    {
        "jsonSchemaLocation": "/IBMWatsonConnector.module/Service Descriptors/language.conceptinsights.corpora.getdocument-getdocument.json",
        "conversionType": "linked",
        "xsdSchemaTargetNamespace": "http://tns.tibco.com/bw/REST"
    },
    {
        "jsonSchemaLocation": "/IBMWatsonConnector.module/Service Descriptors/language.conceptinsights.corpora.getdocument-getdocument.json",
        "conversionType": "linked",
        "xsdSchemaTargetNamespace": "http://xmlns.example.com/getdocument/parameters"
    },
    {
        "jsonSchemaLocation": "/IBMWatsonConnector.module/Service Descriptors/language.conceptinsights.corpora.getSearchableCorpusState-getSearchableCorpusState.json",
        "conversionType": "linked",
        "xsdSchemaTargetNamespace": "http://xmlns.example.com/getSearchableCorpusState/parameters"
    },
    {
        "jsonSchemaLocation": "/IBMWatsonConnector.module/Service Descriptors/language.conceptinsights.corpora.getSearchableCorpusState-getSearchableCorpusState.json",
        "conversionType": "linked",
        "xsdSchemaTargetNamespace": "http://tns.tibco.com/bw/REST"
    },
    {
        "jsonSchemaLocation": "/IBMWatsonConnector.module/Service Descriptors/language.conceptinsights.corpora.getSearchableCorpusStats-getSearchableCorpusStats.json",
        "conversionType": "linked",
        "xsdSchemaTargetNamespace": "http://tns.tibco.com/bw/REST"
    },
    {
        "jsonSchemaLocation": "/IBMWatsonConnector.module/Service Descriptors/language.conceptinsights.corpora.getSearchableCorpusStats-getSearchableCorpusStats.json",
        "conversionType": "linked",
        "xsdSchemaTargetNamespace": "http://xmlns.example.com/getSearchableCorpusStats/parameters"
    },
    {
        "jsonSchemaLocation": "/IBMWatsonConnector.module/Service Descriptors/language.conceptinsights.corpora.searchableLabelSearch-searchableLabelSearch.json",
        "conversionType": "linked",
        "xsdSchemaTargetNamespace": "http://tns.tibco.com/bw/REST"
    },
    {
        "jsonSchemaLocation": "/IBMWatsonConnector.module/Service Descriptors/language.conceptinsights.corpora.searchableLabelSearch-searchableLabelSearch.json",
        "conversionType": "linked",
        "xsdSchemaTargetNamespace": "http://xmlns.example.com/searchableLabelSearch/parameters"
    },
    {
        "jsonSchemaLocation": "/IBMWatsonConnector.module/Service Descriptors/language.conceptinsights.corpora.getCorpusRelatedConcepts-getCorpusRelatedConcepts.json",
        "conversionType": "linked",
        "xsdSchemaTargetNamespace": "http://tns.tibco.com/bw/REST"
    },
    {
        "jsonSchemaLocation": "/IBMWatsonConnector.module/Service Descriptors/language.conceptinsights.corpora.getCorpusRelatedConcepts-getCorpusRelatedConcepts.json",
        "conversionType": "linked",
        "xsdSchemaTargetNamespace": "http://xmlns.example.com/getCorpusRelatedConcepts/parameters"
    },
    {
        "jsonSchemaLocation": "/IBMWatsonConnector.module/Service Descriptors/language.conceptinsights.corpora.getCorporaRelationScore-getCorporaRelationScore.json",
        "conversionType": "linked",
        "xsdSchemaTargetNamespace": "http://xmlns.example.com/getCorporaRelationScore/parameters"
    },
    {
        "jsonSchemaLocation": "/IBMWatsonConnector.module/Service Descriptors/language.conceptinsights.corpora.getCorporaRelationScore-getCorporaRelationScore.json",
        "conversionType": "linked",
        "xsdSchemaTargetNamespace": "http://tns.tibco.com/bw/REST"
    },
    {
        "jsonSchemaLocation": "/IBMWatsonConnector.module/Service Descriptors/language.conceptinsights.corpora.conceptualSearch-conceptualSearch.json",
        "conversionType": "linked",
        "xsdSchemaTargetNamespace": "http://xmlns.example.com/conceptualSearch/parameters"
    },
    {
        "jsonSchemaLocation": "/IBMWatsonConnector.module/Service Descriptors/language.conceptinsights.corpora.conceptualSearch-conceptualSearch.json",
        "conversionType": "linked",
        "xsdSchemaTargetNamespace": "http://tns.tibco.com/bw/REST"
    },
    {
        "jsonSchemaLocation": "/IBMWatsonConnector.module/Service Descriptors/language.conceptinsights.corpora.getDocumentAnnotations-getDocumentAnnotations.json",
        "conversionType": "linked",
        "xsdSchemaTargetNamespace": "http://xmlns.example.com/getDocumentAnnotations/parameters"
    },
    {
        "jsonSchemaLocation": "/IBMWatsonConnector.module/Service Descriptors/language.conceptinsights.corpora.getDocumentAnnotations-getDocumentAnnotations.json",
        "conversionType": "linked",
        "xsdSchemaTargetNamespace": "http://tns.tibco.com/bw/REST"
    },
    {
        "jsonSchemaLocation": "/IBMWatsonConnector.module/Service Descriptors/language.conceptinsights.corpora.getSearchableDocumentState-getSearchableDocumentState.json",
        "conversionType": "linked",
        "xsdSchemaTargetNamespace": "http://tns.tibco.com/bw/REST"
    },
    {
        "jsonSchemaLocation": "/IBMWatsonConnector.module/Service Descriptors/language.conceptinsights.corpora.getSearchableDocumentState-getSearchableDocumentState.json",
        "conversionType": "linked",
        "xsdSchemaTargetNamespace": "http://xmlns.example.com/getSearchableDocumentState/parameters"
    },
    {
        "jsonSchemaLocation": "/IBMWatsonConnector.module/Service Descriptors/language.conceptinsights.corpora.getSearchableRelatedConcepts-getSearchableRelatedConcepts.json",
        "conversionType": "linked",
        "xsdSchemaTargetNamespace": "http://xmlns.example.com/getSearchableRelatedConcepts/parameters"
    },
    {
        "jsonSchemaLocation": "/IBMWatsonConnector.module/Service Descriptors/language.conceptinsights.corpora.getSearchableRelatedConcepts-getSearchableRelatedConcepts.json",
        "conversionType": "linked",
        "xsdSchemaTargetNamespace": "http://tns.tibco.com/bw/REST"
    },
    {
        "jsonSchemaLocation": "/IBMWatsonConnector.module/Service Descriptors/language.conceptinsights.corpora.getDocumentRelationScore-getDocumentRelationScore.json",
        "conversionType": "linked",
        "xsdSchemaTargetNamespace": "http://xmlns.example.com/getDocumentRelationScore/parameters"
    },
    {
        "jsonSchemaLocation": "/IBMWatsonConnector.module/Service Descriptors/language.conceptinsights.corpora.getDocumentRelationScore-getDocumentRelationScore.json",
        "conversionType": "linked",
        "xsdSchemaTargetNamespace": "http://tns.tibco.com/bw/REST"
    },
    {
        "jsonSchemaLocation": "/IBMWatsonConnector.module/Service Descriptors/language.conversation.message.getMessage-getMessage.json",
        "conversionType": "linked",
        "xsdSchemaTargetNamespace": "http://xmlns.example.com/getMessage/parameters"
    },
    {
        "jsonSchemaLocation": "/IBMWatsonConnector.module/Service Descriptors/language.conversation.message.getMessage-getMessage.json",
        "conversionType": "linked",
        "xsdSchemaTargetNamespace": "http://tns.tibco.com/bw/REST"
    },
    {
        "jsonSchemaLocation": "/IBMWatsonConnector.module/Service Descriptors/language.dialog.content.listDialogs-listDialogs.json",
        "conversionType": "linked",
        "xsdSchemaTargetNamespace": "http://tns.tibco.com/bw/REST"
    },
    {
        "jsonSchemaLocation": "/IBMWatsonConnector.module/Service Descriptors/language.dialog.content.getDialogs-getDialogs.json",
        "conversionType": "linked",
        "xsdSchemaTargetNamespace": "http://xmlns.example.com/getDialogs/parameters"
    },
    {
        "jsonSchemaLocation": "/IBMWatsonConnector.module/Service Descriptors/language.dialog.content.getDialogs-getDialogs.json",
        "conversionType": "linked",
        "xsdSchemaTargetNamespace": "http://tns.tibco.com/bw/REST"
    },
    {
        "jsonSchemaLocation": "/IBMWatsonConnector.module/Service Descriptors/language.dialog.content.getContent-getContent.json",
        "conversionType": "linked",
        "xsdSchemaTargetNamespace": "http://tns.tibco.com/bw/REST"
    },
    {
        "jsonSchemaLocation": "/IBMWatsonConnector.module/Service Descriptors/language.dialog.content.getContent-getContent.json",
        "conversionType": "linked",
        "xsdSchemaTargetNamespace": "http://xmlns.example.com/getContent/parameters"
    },
    {
        "jsonSchemaLocation": "/IBMWatsonConnector.module/Service Descriptors/language.dialog.conversation.getConversations-getConversations.json",
        "conversionType": "linked",
        "xsdSchemaTargetNamespace": "http://tns.tibco.com/bw/REST"
    },
    {
        "jsonSchemaLocation": "/IBMWatsonConnector.module/Service Descriptors/language.dialog.conversation.getConversations-getConversations.json",
        "conversionType": "linked",
        "xsdSchemaTargetNamespace": "http://xmlns.example.com/getConversations/parameters"
    },
    {
        "jsonSchemaLocation": "/IBMWatsonConnector.module/Service Descriptors/language.dialog.profile.getProfile-getProfile.json",
        "conversionType": "linked",
        "xsdSchemaTargetNamespace": "http://xmlns.example.com/getProfile/parameters"
    },
    {
        "jsonSchemaLocation": "/IBMWatsonConnector.module/Service Descriptors/language.dialog.profile.getProfile-getProfile.json",
        "conversionType": "linked",
        "xsdSchemaTargetNamespace": "http://tns.tibco.com/bw/REST"
    },
    {
        "jsonSchemaLocation": "/IBMWatsonConnector.module/Service Descriptors/language.documentconversion.documentconversion.convertDocumentByUpload-convertDocumentByUpload.json",
        "conversionType": "linked",
        "xsdSchemaTargetNamespace": "http://tns.tibco.com/bw/REST"
    },
    {
        "jsonSchemaLocation": "/IBMWatsonConnector.module/Service Descriptors/language.documentconversion.documentconversion.indexDocument-indexDocument.json",
        "conversionType": "linked",
        "xsdSchemaTargetNamespace": "http://tns.tibco.com/bw/REST"
    },
    {
        "jsonSchemaLocation": "/IBMWatsonConnector.module/Service Descriptors/language.languagetranslation.models.listModels-listModels.json",
        "conversionType": "linked",
        "xsdSchemaTargetNamespace": "http://tns.tibco.com/bw/REST"
    },
    {
        "jsonSchemaLocation": "/IBMWatsonConnector.module/Service Descriptors/language.languagetranslation.models.getTranslationModels-getTranslationModels.json",
        "conversionType": "linked",
        "xsdSchemaTargetNamespace": "http://tns.tibco.com/bw/REST"
    },
    {
        "jsonSchemaLocation": "/IBMWatsonConnector.module/Service Descriptors/language.languagetranslation.models.getTranslationModels-getTranslationModels.json",
        "conversionType": "linked",
        "xsdSchemaTargetNamespace": "http://xmlns.example.com/getTranslationModels/parameters"
    },
    {
        "jsonSchemaLocation": "/IBMWatsonConnector.module/Service Descriptors/language.languagetranslation.translate.translateGet-translateGet.json",
        "conversionType": "linked",
        "xsdSchemaTargetNamespace": "http://tns.tibco.com/bw/REST"
    },
    {
        "jsonSchemaLocation": "/IBMWatsonConnector.module/Service Descriptors/language.languagetranslation.identify.listIdentifiableLanguages-listIdentifiableLanguages.json",
        "conversionType": "linked",
        "xsdSchemaTargetNamespace": "http://tns.tibco.com/bw/REST"
    },
    {
        "jsonSchemaLocation": "/IBMWatsonConnector.module/Service Descriptors/language.languagetranslation.identify.identifyLanguageGet-identifyLanguageGet.json",
        "conversionType": "linked",
        "xsdSchemaTargetNamespace": "http://tns.tibco.com/bw/REST"
    },
    {
        "jsonSchemaLocation": "/IBMWatsonConnector.module/Service Descriptors/language.naturallanguageclassifier.classifiers.createClassifiers-createClassifiers.json",
        "conversionType": "linked",
        "xsdSchemaTargetNamespace": "http://tns.tibco.com/bw/REST"
    },
    {
        "jsonSchemaLocation": "/IBMWatsonConnector.module/Service Descriptors/language.naturallanguageclassifier.classifiers.classify_post-classify_post.json",
        "conversionType": "linked",
        "xsdSchemaTargetNamespace": "http://tns.tibco.com/bw/REST"
    },
    {
        "jsonSchemaLocation": "/IBMWatsonConnector.module/Service Descriptors/language.naturallanguageclassifier.classifiers.classify_post-classify_post.json",
        "conversionType": "linked",
        "xsdSchemaTargetNamespace": "http://xmlns.example.com/classify_post/parameters"
    },
    {
        "jsonSchemaLocation": "/IBMWatsonConnector.module/Service Descriptors/language.naturallanguageclassifier.classifiers.getStatus-getStatus.json",
        "conversionType": "linked",
        "xsdSchemaTargetNamespace": "http://xmlns.example.com/getStatus/parameters"
    },
    {
        "jsonSchemaLocation": "/IBMWatsonConnector.module/Service Descriptors/language.naturallanguageclassifier.classifiers.getStatus-getStatus.json",
        "conversionType": "linked",
        "xsdSchemaTargetNamespace": "http://tns.tibco.com/bw/REST"
    },
    {
        "jsonSchemaLocation": "/IBMWatsonConnector.module/Service Descriptors/language.personalityinsights.personalityinsights.profile-profile.json",
        "conversionType": "linked",
        "xsdSchemaTargetNamespace": "http://tns.tibco.com/bw/REST"
    },
    {
        "jsonSchemaLocation": "/IBMWatsonConnector.module/Service Descriptors/language.personalityinsights.personalityinsights.visualize-visualize.json",
        "conversionType": "linked",
        "xsdSchemaTargetNamespace": "http://tns.tibco.com/bw/REST"
    },
    {
        "jsonSchemaLocation": "/IBMWatsonConnector.module/Service Descriptors/language.toneanalyzer.tone.getTone-getTone.json",
        "conversionType": "linked",
        "xsdSchemaTargetNamespace": "http://tns.tibco.com/bw/REST"
    }
]}