{
  "swagger" : "2.0",
  "info" : {
    "version" : "1.0",
    "title" : "Twilio Usage ViewUsageTrigger.",
    "description" : "Twilio Usage ViewUsageTrigger."
  },
  "host" : "localhost:8282",
  "basePath" : "/",
  "schemes" : [ "http" ],
  "consumes" : [ "application/json" ],
  "produces" : [ "application/json" ],
  "paths" : {
    "/usage/postviewusagetrigger" : {
      "post" : {
        "description" : "",
        "operationId" : "post-usage-postviewusagetrigger",
        "consumes" : [ "application/json" ],
        "produces" : [ "application/json" ],
        "parameters" : [ {
          "name" : "body",
          "in" : "body",
          "description" : "",
          "schema" : {
            "$ref" : "#/definitions/ViewUsageTriggerInput"
          },
          "required" : true
        } ],
        "responses" : {
          "200" : {
            "description" : "a ViewUsageTriggerOutput to be returned",
            "schema" : {
              "$ref" : "#/definitions/ViewUsageTriggerOutput"
            }
          }
        }
      }
    }
  },
  "definitions" : {
    "ViewUsageTriggerOutput" : {
      "type" : "object",
      "required" : [ "Response" ],
      "properties" : {
        "Response" : {
          "type" : "string"
        }
      }
    },
    "ViewUsageTriggerInput" : {
      "type" : "object",
      "required" : [ "UsageTriggerSid", "AccountSid" ],
      "properties" : {
        "AccountSid" : {
          "type" : "string"
        },
        "UsageTriggerSid" : {
          "type" : "string"
        }
      }
    }
  }
}