{
  "swagger" : "2.0",
  "info" : {
    "version" : "1.0",
    "title" : "Summary about the new REST service.",
    "description" : "Summary about the new REST service."
  },
  "host" : "localhost:8282",
  "basePath" : "/",
  "schemes" : [ "http" ],
  "consumes" : [ "application/json" ],
  "produces" : [ "application/json" ],
  "paths" : {
    "/sms/postviewmessage" : {
      "post" : {
        "description" : "",
        "operationId" : "post-sms-postviewmessage",
        "consumes" : [ "application/json", "application/xml" ],
        "produces" : [ "application/json", "application/xml" ],
        "parameters" : [ {
          "name" : "body",
          "in" : "body",
          "description" : "",
          "schema" : {
            "$ref" : "#/definitions/GetMessagesInput"
          },
          "required" : true
        } ],
        "responses" : {
          "200" : {
            "description" : "a GetMessagesOutput to be returned",
            "schema" : {
              "$ref" : "#/definitions/GetMessagesOutput"
            }
          },
          "400" : {
            "description" : "Bad Request",
            "schema" : {
              "type" : "string"
            }
          },
          "500" : {
            "description" : "Internal Server Error",
            "schema" : {
              "type" : "string"
            }
          }
        }
      }
    }
  },
  "definitions" : {
    "subresource_uris" : {
      "type" : "object",
      "required" : [ ],
      "properties" : {
        "media" : {
          "type" : "string"
        }
      }
    },
    "GetMessagesInput" : {
      "type" : "object",
      "required" : [ "MessageSID", "AccountSID" ],
      "properties" : {
        "AccountSID" : {
          "type" : "string"
        },
        "MessageSID" : {
          "type" : "string"
        }
      }
    },
    "GetMessagesOutput" : {
      "type" : "object",
      "required" : [ ],
      "properties" : {
        "sid" : {
          "type" : "string"
        },
        "date_created" : {
          "type" : "string"
        },
        "date_updated" : {
          "type" : "string"
        },
        "date_sent" : {
          "type" : "string"
        },
        "account_sid" : {
          "type" : "string"
        },
        "to" : {
          "type" : "string"
        },
        "from" : {
          "type" : "string"
        },
        "messaging_service_sid" : {
          "type" : "string"
        },
        "body" : {
          "type" : "string"
        },
        "status" : {
          "type" : "string"
        },
        "num_segments" : {
          "type" : "string"
        },
        "num_media" : {
          "type" : "string"
        },
        "direction" : {
          "type" : "string"
        },
        "api_version" : {
          "type" : "string"
        },
        "price" : {
          "type" : "string"
        },
        "price_unit" : {
          "type" : "string"
        },
        "error_code" : {
          "type" : "string"
        },
        "error_message" : {
          "type" : "string"
        },
        "uri" : {
          "type" : "string"
        },
        "subresource_uris" : {
          "$ref" : "#/definitions/subresource_uris"
        }
      }
    }
  }
}