{
  "swagger" : "2.0",
  "info" : {
    "version" : "1.0",
    "title" : "Twilio PhoneNumber AvailblePhoneNumbers ViewTollFreeNumbers.",
    "description" : "Twilio PhoneNumber AvailblePhoneNumbers ViewTollFreeNumbers."
  },
  "host" : "localhost:8282",
  "basePath" : "/",
  "schemes" : [ "http" ],
  "consumes" : [ "application/json" ],
  "produces" : [ "application/json" ],
  "paths" : {
    "/phonenumbers/postviewtollfreenumbers" : {
      "post" : {
        "description" : "",
        "operationId" : "post-phonenumbers-postviewtollfreenumbers",
        "consumes" : [ "application/json", "application/xml" ],
        "produces" : [ "application/json", "application/xml" ],
        "parameters" : [ {
          "name" : "body",
          "in" : "body",
          "description" : "",
          "schema" : {
            "$ref" : "#/definitions/ViewTollFreeNumbersInputSchema"
          },
          "required" : true
        } ],
        "responses" : {
          "200" : {
            "description" : "a ViewTollFreeNumbersOutputSchema to be returned",
            "schema" : {
              "$ref" : "#/definitions/ViewTollFreeNumbersOutputSchema"
            }
          },
          "400" : {
            "description" : "Bad Request",
            "schema" : {
              "type" : "string"
            }
          },
          "500" : {
            "description" : "Internal Server Error",
            "schema" : {
              "type" : "string"
            }
          }
        }
      }
    }
  },
  "definitions" : {
    "capabilities" : {
      "type" : "object",
      "required" : [ ],
      "properties" : {
        "voice" : {
          "type" : "boolean"
        },
        "SMS" : {
          "type" : "boolean"
        },
        "MMS" : {
          "type" : "boolean"
        }
      }
    },
    "ViewTollFreeNumbersOutputSchema" : {
      "type" : "object",
      "required" : [ ],
      "properties" : {
        "available_phone_numbers" : {
          "type" : "array",
          "items" : {
            "$ref" : "#/definitions/available_phone_numbers",
            "uniqueItems" : false
          }
        },
        "uri" : {
          "type" : "string"
        }
      }
    },
    "available_phone_numbers" : {
      "type" : "object",
      "required" : [ ],
      "properties" : {
        "friendly_name" : {
          "type" : "string"
        },
        "phone_number" : {
          "type" : "string"
        },
        "lata" : {
          "type" : "string"
        },
        "rate_center" : {
          "type" : "string"
        },
        "latitude" : {
          "type" : "string"
        },
        "longitude" : {
          "type" : "string"
        },
        "region" : {
          "type" : "string"
        },
        "postal_code" : {
          "type" : "string"
        },
        "iso_country" : {
          "type" : "string"
        },
        "address_requirements" : {
          "type" : "string"
        },
        "beta" : {
          "type" : "boolean"
        },
        "capabilities" : {
          "$ref" : "#/definitions/capabilities"
        }
      }
    },
    "ViewTollFreeNumbersInputSchema" : {
      "type" : "object",
      "required" : [ "IsoCountryCode", "accountsid" ],
      "properties" : {
        "accountsid" : {
          "type" : "string"
        },
        "IsoCountryCode" : {
          "type" : "string"
        },
        "Contains" : {
          "type" : "string"
        }
      }
    }
  }
}