{
  "swagger" : "2.0",
  "info" : {
    "version" : "1.0",
    "title" : "Summary about the new REST service.",
    "description" : "Summary about the new REST service."
  },
  "host" : "localhost:8282",
  "basePath" : "/",
  "schemes" : [ "http" ],
  "consumes" : [ "application/json" ],
  "produces" : [ "application/json" ],
  "paths" : {
    "/voice/queue/createqueue" : {
      "post" : {
        "description" : "",
        "operationId" : "post-voice-queue-createqueue",
        "consumes" : [ "application/json", "application/xml" ],
        "produces" : [ "application/json", "application/xml" ],
        "parameters" : [ {
          "name" : "body",
          "in" : "body",
          "description" : "",
          "schema" : {
            "$ref" : "#/definitions/CreateQueueInput"
          },
          "required" : true
        } ],
        "responses" : {
          "200" : {
            "description" : "a CreateQueueOutput to be returned",
            "schema" : {
              "$ref" : "#/definitions/CreateQueueOutput"
            }
          },
          "400" : {
            "description" : "Bad Request",
            "schema" : {
              "type" : "string"
            }
          },
          "500" : {
            "description" : "Internal Server Error",
            "schema" : {
              "type" : "string"
            }
          }
        }
      }
    }
  },
  "definitions" : {
    "CreateQueueInput" : {
      "type" : "object",
      "required" : [ "FriendlyName", "AccountSid" ],
      "properties" : {
        "AccountSid" : {
          "type" : "string"
        },
        "FriendlyName" : {
          "type" : "string"
        },
        "MaxSize" : {
          "type" : "string"
        }
      }
    },
    "CreateQueueOutput" : {
      "type" : "object",
      "required" : [ ],
      "properties" : {
        "sid" : {
          "type" : "string"
        },
        "account_sid" : {
          "type" : "string"
        },
        "friendly_name" : {
          "type" : "string"
        },
        "current_size" : {
          "type" : "integer"
        },
        "average_wait_time" : {
          "type" : "integer"
        },
        "max_size" : {
          "type" : "integer"
        },
        "date_created" : {
          "type" : "string"
        },
        "date_updated" : {
          "type" : "string"
        },
        "uri" : {
          "type" : "string"
        }
      }
    }
  }
}