{
  "swagger" : "2.0",
  "info" : {
    "version" : "1.0",
    "title" : "Twilio Usage ViewUsageRecordList.",
    "description" : "Twilio Usage ViewUsageRecordList."
  },
  "host" : "localhost:8282",
  "basePath" : "/",
  "schemes" : [ "http" ],
  "consumes" : [ "application/json" ],
  "produces" : [ "application/json" ],
  "paths" : {
    "/usage/postviewusagelist" : {
      "post" : {
        "description" : "",
        "operationId" : "post-usage-postviewusagelist",
        "consumes" : [ "application/json", "application/xml" ],
        "produces" : [ "application/json", "application/xml" ],
        "parameters" : [ {
          "name" : "body",
          "in" : "body",
          "description" : "",
          "schema" : {
            "$ref" : "#/definitions/ViewUsageRecordListInput"
          },
          "required" : true
        } ],
        "responses" : {
          "200" : {
            "description" : "a ViewUsageRecordListOutput to be returned",
            "schema" : {
              "$ref" : "#/definitions/ViewUsageRecordListOutput"
            }
          },
          "400" : {
            "description" : "Bad Request",
            "schema" : {
              "type" : "string"
            }
          },
          "500" : {
            "description" : "Internal Server Error",
            "schema" : {
              "type" : "string"
            }
          }
        }
      }
    }
  },
  "definitions" : {
    "subresource_uris" : {
      "type" : "object",
      "required" : [ ],
      "properties" : {
        "all_time" : {
          "type" : "string"
        },
        "today" : {
          "type" : "string"
        },
        "yesterday" : {
          "type" : "string"
        },
        "this_month" : {
          "type" : "string"
        },
        "last_month" : {
          "type" : "string"
        },
        "daily" : {
          "type" : "string"
        },
        "monthly" : {
          "type" : "string"
        },
        "yearly" : {
          "type" : "string"
        }
      }
    },
    "ViewUsageRecordListOutput" : {
      "type" : "object",
      "required" : [ ],
      "properties" : {
        "first_page_uri" : {
          "type" : "string"
        },
        "end" : {
          "type" : "integer"
        },
        "previous_page_uri" : {
          "type" : "string"
        },
        "uri" : {
          "type" : "string"
        },
        "page_size" : {
          "type" : "integer"
        },
        "start" : {
          "type" : "integer"
        },
        "usage_records" : {
          "type" : "array",
          "items" : {
            "$ref" : "#/definitions/usage_records",
            "uniqueItems" : false
          }
        },
        "next_page_uri" : {
          "type" : "string"
        },
        "page" : {
          "type" : "integer"
        }
      }
    },
    "ViewUsageRecordListInput" : {
      "type" : "object",
      "required" : [ "AccountSID" ],
      "properties" : {
        "AccountSID" : {
          "type" : "string"
        },
        "Category" : {
          "type" : "string"
        },
        "StartDate" : {
          "type" : "string"
        },
        "EndDate" : {
          "type" : "string"
        }
      }
    },
    "usage_records" : {
      "type" : "object",
      "required" : [ ],
      "properties" : {
        "category" : {
          "type" : "string"
        },
        "description" : {
          "type" : "string"
        },
        "account_sid" : {
          "type" : "string"
        },
        "start_date" : {
          "type" : "string"
        },
        "end_date" : {
          "type" : "string"
        },
        "count" : {
          "type" : "string"
        },
        "count_unit" : {
          "type" : "string"
        },
        "usage" : {
          "type" : "string"
        },
        "usage_unit" : {
          "type" : "string"
        },
        "price" : {
          "type" : "string"
        },
        "price_unit" : {
          "type" : "string"
        },
        "api_version" : {
          "type" : "string"
        },
        "uri" : {
          "type" : "string"
        },
        "subresource_uris" : {
          "$ref" : "#/definitions/subresource_uris"
        }
      }
    }
  }
}