{
  "swagger" : "2.0",
  "info" : {
    "version" : "1.0",
    "title" : "Twilio PhoneNumber Address DeleteAddress.",
    "description" : "Twilio PhoneNumber Address DeleteAddress."
  },
  "host" : "localhost:8282",
  "basePath" : "/",
  "schemes" : [ "http" ],
  "consumes" : [ "application/json" ],
  "produces" : [ "application/json" ],
  "paths" : {
    "/address/postdeleteaddress" : {
      "post" : {
        "description" : "",
        "operationId" : "post-address-postdeleteaddress",
        "consumes" : [ "application/json", "application/xml" ],
        "produces" : [ "application/json", "application/xml" ],
        "parameters" : [ {
          "name" : "body",
          "in" : "body",
          "description" : "",
          "schema" : {
            "$ref" : "#/definitions/DeleteAddressInputSchema"
          },
          "required" : true
        } ],
        "responses" : {
          "200" : {
            "description" : "a string to be returned",
            "schema" : {
              "type" : "string"
            }
          },
          "400" : {
            "description" : "Bad Request",
            "schema" : {
              "type" : "string"
            }
          },
          "500" : {
            "description" : "Internal Server Error",
            "schema" : {
              "type" : "string"
            }
          }
        }
      }
    }
  },
  "definitions" : {
    "DeleteAddressInputSchema" : {
      "type" : "object",
      "required" : [ "addresssid", "accountsid" ],
      "properties" : {
        "accountsid" : {
          "type" : "string"
        },
        "addresssid" : {
          "type" : "string"
        }
      }
    }
  }
}