{
  "swagger": "2.0",
  "info": {
    "version": "1.3",
    "title": "Collectors",
    "x-lastModified": "Aug 23, 2016 11:14AM PST"
  },
  "paths": {
    "/surveys/{id}/collectors": {
      "get": {
        "produces": [
          "application/json"
        ],
        "responses": {
          "200": {
            "description": "Success response"
          }
        },
        "parameters": [
          {
            "name": "api_key",
            "in": "query",
            "description": "",
            "required": true,
            "type": "string",
            "format": "",
            "default": ""
          },
          {
            "name": "page",
            "in": "query",
            "description": "Which page of resources to return. Defaults to 1",
            "required": false,
            "type": "integer",
            "format": "int32",
            "default": 1
          },
          {
            "name": "per_page",
            "in": "query",
            "description": "Number of resources to return per page",
            "required": false,
            "type": "integer",
            "format": "int32",
            "default": 0
          },
          {
            "name": "sort_by",
            "in": "query",
            "description": "Field used to sort returned collector list e.g. [‘id’, 'date_modified’, 'type’, 'status’, 'name’]",
            "required": false,
            "type": "string",
            "format": ""
          },
          {
            "name": "sort_order",
            "in": "query",
            "description": "Sort order e.g. ['ASC’, 'DESC’]",
            "required": false,
            "type": "string",
            "format": ""
          },
          {
            "name": "name",
            "in": "query",
            "description": "Nickname of collector to search against",
            "required": false,
            "type": "string",
            "format": "",
            "default": ""
          },
          {
            "name": "start_date",
            "in": "query",
            "description": "Collectors must be created after this date.",
            "required": false,
            "type": "string",
            "format": "",
            "default": ""
          },
          {
            "name": "end_date",
            "in": "query",
            "description": "Collectors must be created before this date.",
            "required": false,
            "type": "string",
            "format": "",
            "default": ""
          },
          {
            "name": "OAuth-Key",
            "in": "header",
            "description": "",
            "required": true,
            "type": "string",
            "format": "",
            "default": ""
          },
          {
            "name": "id",
            "in": "path",
            "description": "",
            "required": true,
            "type": "string",
            "format": ""
          }
        ]
      },
      "post": {
        "produces": [
          "application/json"
        ],
        "responses": {
          "200": {
            "description": "Success response"
          }
        },
        "parameters": [
          {
            "name": "api_key",
            "in": "query",
            "description": "",
            "required": true,
            "type": "string",
            "format": "",
            "default": ""
          },
          {
            "name": "OAuth-Key",
            "in": "header",
            "description": "",
            "required": true,
            "type": "string",
            "format": "",
            "default": ""
          },
          {
            "name": "id",
            "in": "path",
            "description": "",
            "required": true,
            "type": "string",
            "format": ""
          },
          {
            "name": "body",
            "in": "body",
            "description": "Collector Data.",
            "schema": {
              "type": "string"
            }
          }
        ],
        "consumes": [
          "application/json"
        ]
      }
    },
    "/collectors/{collector_id}/messages/{message_id}": {
      "get": {
        "produces": [
          "application/json"
        ],
        "responses": {
          "200": {
            "description": "Success response"
          }
        },
        "parameters": [
          {
            "name": "api_key",
            "in": "query",
            "description": "",
            "required": true,
            "type": "string",
            "format": "",
            "default": "",
            "path": "/collectors/{collector_id}/messages/{message_id}",
            "method": "get"
          },
          {
            "name": "OAuth-Key",
            "in": "header",
            "description": "",
            "required": true,
            "type": "string",
            "format": "",
            "default": ""
          },
          {
            "name": "collector_id",
            "in": "path",
            "description": "",
            "required": true,
            "type": "string",
            "format": ""
          },
          {
            "name": "message_id",
            "in": "path",
            "description": "",
            "required": true,
            "type": "string",
            "format": ""
          }
        ]
      },
      "put": {
        "produces": [
          "application/json"
        ],
        "responses": {
          "200": {
            "description": "Success response"
          }
        },
        "parameters": [
          {
            "name": "api_key",
            "in": "query",
            "description": "",
            "required": true,
            "type": "string",
            "format": "",
            "default": "",
            "path": "/collectors/{collector_id}/messages/{message_id}",
            "method": "put"
          },
          {
            "name": "OAuth-Key",
            "in": "header",
            "description": "",
            "required": true,
            "type": "string",
            "format": "",
            "default": ""
          },
          {
            "name": "collector_id",
            "in": "path",
            "description": "",
            "required": true,
            "type": "string",
            "format": ""
          },
          {
            "name": "message_id",
            "in": "path",
            "description": "",
            "required": true,
            "type": "string",
            "format": ""
          },
          {
            "name": "body",
            "in": "body",
            "description": "replace message data.",
            "schema": {
              "type": "string"
            }
          }
        ],
        "consumes": [
          "application/json"
        ]
      },
      "delete": {
        "produces": [
          "application/json"
        ],
        "responses": {
          "200": {
            "description": "Success response"
          }
        },
        "parameters": [
          {
            "name": "api_key",
            "in": "query",
            "description": "",
            "required": true,
            "type": "string",
            "format": "",
            "default": "",
            "path": "/collectors/{collector_id}/messages/{message_id}",
            "method": "delete"
          },
          {
            "name": "OAuth-Key",
            "in": "header",
            "description": "",
            "required": true,
            "type": "string",
            "format": "",
            "default": ""
          },
          {
            "name": "collector_id",
            "in": "path",
            "description": "",
            "required": true,
            "type": "string",
            "format": ""
          },
          {
            "name": "message_id",
            "in": "path",
            "description": "",
            "required": true,
            "type": "string",
            "format": ""
          }
        ]
      }
    },
    "/collectors/{collector_id}": {
      "get": {
        "produces": [
          "application/json"
        ],
        "responses": {
          "200": {
            "description": "Success response"
          }
        },
        "parameters": [
          {
            "name": "api_key",
            "in": "query",
            "description": "",
            "required": true,
            "type": "string",
            "format": "",
            "default": "",
            "path": "/collectors/{collector_id}",
            "method": "get"
          },
          {
            "name": "OAuth-Key",
            "in": "header",
            "description": "",
            "required": false,
            "type": "string",
            "format": "",
            "default": ""
          },
          {
            "name": "collector_id",
            "in": "path",
            "description": "",
            "required": true,
            "type": "string",
            "format": ""
          }
        ]
      },
      "put": {
        "produces": [
          "application/json"
        ],
        "responses": {
          "200": {
            "description": "Success response"
          }
        },
        "parameters": [
          {
            "name": "api_key",
            "in": "query",
            "description": "",
            "required": true,
            "type": "string",
            "format": "",
            "default": "",
            "path": "/collectors/{collector_id}",
            "method": "put"
          },
          {
            "name": "OAuth-Key",
            "in": "header",
            "description": "",
            "required": false,
            "type": "string",
            "format": "",
            "default": ""
          },
          {
            "name": "body",
            "in": "body",
            "description": "Collector data to be replaced.",
            "schema": {
              "type": "string"
            }
          },
          {
            "in": "path",
            "description": "",
            "required": true,
            "type": "string",
            "format": "",
            "name": "collector_id"
          }
        ],
        "consumes": [
          "application/json"
        ]
      },
      "delete": {
        "produces": [
          "application/json"
        ],
        "responses": {
          "200": {
            "description": "Success response"
          }
        },
        "parameters": [
          {
            "name": "api_key",
            "in": "query",
            "description": "",
            "required": true,
            "type": "string",
            "format": "",
            "default": "",
            "path": "/collectors/{collector_id}",
            "method": "delete"
          },
          {
            "name": "OAuth-Key",
            "in": "header",
            "description": "",
            "required": true,
            "type": "string",
            "format": "",
            "default": ""
          },
          {
            "in": "path",
            "description": "",
            "required": true,
            "type": "string",
            "format": "",
            "name": "collector_id"
          }
        ]
      }
    },
    "/collectors/{collector_id}/messages": {
      "get": {
        "produces": [
          "application/json"
        ],
        "responses": {
          "200": {
            "description": "Success response"
          }
        },
        "parameters": [
          {
            "name": "api_key",
            "in": "query",
            "description": "",
            "required": true,
            "type": "string",
            "format": "",
            "default": "",
            "path": "/collectors/{collector_id}/messages",
            "method": "get"
          },
          {
            "name": "page",
            "in": "query",
            "description": "Which page of resources to return. Defaults to 1",
            "required": false,
            "type": "integer",
            "format": "int32",
            "default": 1,
            "path": "/collectors/{collector_id}/messages",
            "method": "get"
          },
          {
            "name": "per_page",
            "in": "query",
            "description": "Number of resources to return per page",
            "required": false,
            "type": "integer",
            "format": "int32",
            "default": 0,
            "path": "/collectors/{collector_id}/messages",
            "method": "get"
          },
          {
            "name": "OAuth-Key",
            "in": "header",
            "description": "",
            "required": true,
            "type": "string",
            "format": "",
            "default": ""
          },
          {
            "name": "collector_id",
            "in": "path",
            "description": "",
            "required": true,
            "type": "string",
            "format": ""
          }
        ]
      },
      "post": {
        "produces": [
          "application/json"
        ],
        "responses": {
          "200": {
            "description": "Success response"
          }
        },
        "parameters": [
          {
            "name": "api_key",
            "in": "query",
            "description": "",
            "required": true,
            "type": "string",
            "format": "",
            "default": "",
            "path": "/collectors/{collector_id}/messages",
            "method": "post"
          },
          {
            "name": "OAuth-Key",
            "in": "header",
            "description": "",
            "required": true,
            "type": "string",
            "format": "",
            "default": ""
          },
          {
            "name": "body",
            "in": "body",
            "description": "message Data",
            "schema": {
              "type": "string"
            }
          },
          {
            "in": "path",
            "description": "",
            "required": true,
            "type": "string",
            "format": "",
            "name": "collector_id"
          }
        ],
        "consumes": [
          "application/json"
        ]
      }
    },
    "/collectors/{collector_id}/messages/{message_id}/send": {
      "post": {
        "produces": [
          "application/json"
        ],
        "responses": {
          "200": {
            "description": "Success response"
          }
        },
        "parameters": [
          {
            "name": "api_key",
            "in": "query",
            "description": "",
            "required": true,
            "type": "string",
            "format": "",
            "default": ""
          },
          {
            "name": "OAuth-Key",
            "in": "header",
            "description": "",
            "required": true,
            "type": "string",
            "format": "",
            "default": ""
          },
          {
            "name": "collector_id",
            "in": "path",
            "description": "",
            "required": true,
            "type": "string",
            "format": ""
          },
          {
            "name": "message_id",
            "in": "path",
            "description": "",
            "required": true,
            "type": "string",
            "format": ""
          },
          {
            "name": "body",
            "in": "body",
            "description": "scheduled date data.",
            "schema": {
              "type": "string"
            }
          }
        ],
        "consumes": [
          "application/json"
        ]
      }
    },
    "/collectors/{collector_id}/messages/{message_id}/recipients": {
      "get": {
        "produces": [
          "application/json"
        ],
        "responses": {
          "200": {
            "description": "Success response"
          }
        },
        "parameters": [
          {
            "name": "api_key",
            "in": "query",
            "description": "",
            "required": true,
            "type": "string",
            "format": "",
            "default": ""
          },
          {
            "name": "page",
            "in": "query",
            "description": "Which page of resources to return. Defaults to 1",
            "required": false,
            "type": "integer",
            "format": "int32",
            "default": 1
          },
          {
            "name": "per_page",
            "in": "query",
            "description": "Number of resources to return per page",
            "required": false,
            "type": "integer",
            "format": "int32",
            "default": 0
          },
          {
            "name": "OAuth-Key",
            "in": "header",
            "description": "",
            "required": true,
            "type": "string",
            "format": "",
            "default": ""
          },
          {
            "name": "collector_id",
            "in": "path",
            "description": "",
            "required": true,
            "type": "string",
            "format": ""
          },
          {
            "name": "message_id",
            "in": "path",
            "description": "",
            "required": true,
            "type": "string",
            "format": ""
          }
        ]
      },
      "post": {
        "produces": [
          "application/json"
        ],
        "responses": {
          "200": {
            "description": "Success response"
          }
        },
        "parameters": [
          {
            "name": "api_key",
            "in": "query",
            "description": "",
            "required": true,
            "type": "string",
            "format": "",
            "default": ""
          },
          {
            "name": "OAuth-Key",
            "in": "header",
            "description": "",
            "required": true,
            "type": "string",
            "format": "",
            "default": ""
          },
          {
            "name": "collector_id",
            "in": "path",
            "description": "",
            "required": true,
            "type": "string",
            "format": ""
          },
          {
            "name": "message_id",
            "in": "path",
            "description": "",
            "required": true,
            "type": "string",
            "format": ""
          },
          {
            "name": "body",
            "in": "body",
            "description": "New Recipient data.",
            "schema": {
              "type": "string"
            }
          }
        ],
        "consumes": [
          "application/json"
        ]
      }
    },
    "/collectors/{collector_id}/messages/{message_id}/recipients/bulk": {
      "post": {
        "produces": [
          "application/json"
        ],
        "responses": {
          "200": {
            "description": "Success response"
          }
        },
        "parameters": [
          {
            "name": "api_key",
            "in": "query",
            "description": "",
            "required": true,
            "type": "string",
            "format": "",
            "default": ""
          },
          {
            "name": "OAuth-Key",
            "in": "header",
            "description": "",
            "required": true,
            "type": "string",
            "format": "",
            "default": ""
          },
          {
            "name": "collector_id",
            "in": "path",
            "description": "",
            "required": true,
            "type": "string",
            "format": ""
          },
          {
            "name": "message_id",
            "in": "path",
            "description": "",
            "required": true,
            "type": "string",
            "format": ""
          },
          {
            "name": "body",
            "in": "body",
            "description": "Recipients data",
            "schema": {
              "type": "string"
            }
          }
        ],
        "consumes": [
          "application/json"
        ]
      }
    },
    "/collectors/{collector_id}/recipients/{recipient_id}": {
      "get": {
        "produces": [
          "application/json"
        ],
        "responses": {
          "200": {
            "description": "Success response"
          }
        },
        "parameters": [
          {
            "name": "api_key",
            "in": "query",
            "description": "",
            "required": true,
            "type": "string",
            "format": "",
            "default": ""
          },
          {
            "name": "OAuth-Key",
            "in": "header",
            "description": "",
            "required": true,
            "type": "string",
            "format": "",
            "default": ""
          },
          {
            "name": "collector_id",
            "in": "path",
            "description": "",
            "required": true,
            "type": "string",
            "format": ""
          },
          {
            "name": "recipient_id",
            "in": "path",
            "description": "",
            "required": true,
            "type": "string",
            "format": ""
          }
        ]
      },
      "delete": {
        "produces": [
          "application/json"
        ],
        "responses": {
          "200": {
            "description": "Success response"
          }
        },
        "parameters": [
          {
            "name": "api_key",
            "in": "query",
            "description": "",
            "required": true,
            "type": "string",
            "format": ""
          },
          {
            "name": "OAuth-Key",
            "in": "header",
            "description": "",
            "required": true,
            "type": "string",
            "format": "",
            "default": ""
          },
          {
            "name": "collector_id",
            "in": "path",
            "description": "",
            "required": true,
            "type": "string",
            "format": ""
          },
          {
            "name": "recipient_id",
            "in": "path",
            "description": "",
            "required": true,
            "type": "string",
            "format": ""
          }
        ]
      }
    }
  }
}