{
  "swagger": "2.0",
  "info": {
    "version": "1.0.0",
    "title": "users",
    "x-lastModified": "Aug 16, 2016 23:53PM PST"
  },
  "paths": {
    "/users/me": {
      "get": {
        "produces": [
          "application/json"
        ],
        "responses": {
          "200": {
            "description": "Success response"
          }
        },
        "parameters": [
          {
            "name": "api_key",
            "in": "query",
            "description": "",
            "required": true,
            "type": "string",
            "format": "",
            "default": ""
          },
          {
            "name": "OAuth-Key",
            "in": "header",
            "description": "",
            "required": true,
            "type": "string",
            "format": "",
            "default": ""
          }
        ]
      }
    }
  }
}