{
    "records": [{
        "name": "Cloud",
        "items": [
            {
                "localTimestamp": 1471513154966,
                "localURI": "/GoogleAPISuite.module/Service Descriptors/GoogleOAuth_1.0.0.json",
                "disabled": false,
                "remoteTimestamp": 1471485084000,
                "localHash": "c8dd0d3940b3d787ade7aa0ef90356c2e1d971fe",
                "remoteId": "5",
                "remoteHash": "c8dd0d3940b3d787ade7aa0ef90356c2e1d971fe"
            },
            {
                "localTimestamp": 1471513459032,
                "localURI": "/GoogleAPISuite.module/Service Descriptors/GooglePlusAPI_1.0.0.json",
                "disabled": false,
                "remoteTimestamp": 1471481337000,
                "localHash": "8e949f59435f74fcc23e3c7914a68bf9ed8316f4",
                "remoteId": "6",
                "remoteHash": "8e949f59435f74fcc23e3c7914a68bf9ed8316f4"
            },
            {
                "localTimestamp": 1471513459283,
                "localURI": "/GoogleAPISuite.module/Service Descriptors/GoogleCalendarAPI_1.0.0.json",
                "disabled": false,
                "remoteTimestamp": 1471480264000,
                "localHash": "f9f4e0aba975a6e50ed45931eda13a8141675c48",
                "remoteId": "9",
                "remoteHash": "f9f4e0aba975a6e50ed45931eda13a8141675c48"
            },
            {
                "localTimestamp": 1471532103956,
                "localURI": "/GoogleAPISuite.module/Service Descriptors/GmailAPI_1.0.0.json",
                "disabled": false,
                "remoteTimestamp": 1471512146000,
                "localHash": "a81df4788610894b1231ff21341835d34df99731",
                "remoteId": "10",
                "remoteHash": "a81df4788610894b1231ff21341835d34df99731"
            },
            {
                "localTimestamp": 1471513458832,
                "localURI": "/GoogleAPISuite.module/Service Descriptors/GoogleMapsAPI_1.0.1.json",
                "disabled": false,
                "remoteTimestamp": 1471422012000,
                "localHash": "77d634653bb35592d71d629978cea453c6c930fb",
                "remoteId": "14",
                "remoteHash": "77d634653bb35592d71d629978cea453c6c930fb"
            },
            {
                "localTimestamp": 1471513458114,
                "localURI": "/GoogleAPISuite.module/Service Descriptors/GoogleTranslateAPI_1.0.0.json",
                "disabled": false,
                "remoteTimestamp": 1471481815000,
                "localHash": "d6c38a8cd92504f307d5f02378c011cb11793c9b",
                "remoteId": "13",
                "remoteHash": "d6c38a8cd92504f307d5f02378c011cb11793c9b"
            },
            {
                "localTimestamp": 1471513458616,
                "localURI": "/GoogleAPISuite.module/Service Descriptors/GoogleSheetsAPI_1.0.0.json",
                "disabled": false,
                "remoteTimestamp": 1471481611000,
                "localHash": "f2e01ef962f35c013bc1f3e02df6685b12e1e3db",
                "remoteId": "11",
                "remoteHash": "f2e01ef962f35c013bc1f3e02df6685b12e1e3db"
            }
        ],
        "url": "https://integration.cloud.tibco.com:443"
    }],
    "resources": []
}