{
    "records": [{
        "name": "Cloud",
        "items": [{
            "localTimestamp": 1472198738256,
            "localURI": "/ZuoraConnector.module/Service Descriptors/ZuoraConnector_1.0.json",
            "disabled": false,
            "remoteTimestamp": 1472178876000,
            "localHash": "099ce1f2d79a36772f9acd94c3795796c13f194b",
            "remoteId": "4",
            "remoteHash": "099ce1f2d79a36772f9acd94c3795796c13f194b"
        }],
        "url": "https://integration.cloud.tibco.com:443"
    }],
    "resources": []
}