{
    "records": [{
        "name": "Cloud",
        "items": [],
        "url": "https://integration.cloud.tibco.com:443"
    }],
    "resources": [
        {
            "location": "Service Descriptors/splunkapisuite.apps.module.Process-apps-appinstall.json",
            "type": "generated"
        },
        {
            "location": "Service Descriptors/splunkapisuite.apps.module.Process-apps-local-name-update.json",
            "type": "generated"
        },
        {
            "location": "Service Descriptors/splunkapisuite.apps.module.Process-apps-appsinstall.json",
            "type": "generated"
        },
        {
            "location": "Service Descriptors/splunkapisuite.apps.module.Process-apps-local-update.json",
            "type": "generated"
        }
    ]
}