{
    "records": [{
        "name": "Cloud",
        "items": [{
            "localTimestamp": 1471334563650,
            "localURI": "/SurveyMonkeyConnector.module/Service Descriptors/SurveyMonkeyConnectorAPI_1.0.json",
            "disabled": false,
            "remoteTimestamp": 1471327296000,
            "localHash": "d996522569062b9493e85ea3a3cbc5215dd471a8",
            "remoteId": "2",
            "remoteHash": "d996522569062b9493e85ea3a3cbc5215dd471a8"
        }],
        "url": "https://integration.cloud.tibco.com:443"
    }],
    "resources": []
}